#,category,company,domain,hq_country,niche,employees_est,size_band,tag,affordability,why_f1
1,Automation & Robotics,Covariant AI,covariant.ai,United States,AI-powered robotic picking & warehouse automation,~250,250-1k,funded-150m,Medium,Raised well over $150M cumulative venture funding for AI robotics; a growth-stage AI narrative that fits F1's data-driven performance story.
2,Commercial Vehicles,"Douglas Dynamics, Inc.",douglasdynamics.com,United States,Snow & ice-control truck equipment,1600,1k-5k,sentiment,core,Publicly traded (NYSE: PLOW) market leader in snow/ice control attachments; revenue clears the $200M threshold and its 'performance in extreme conditions' brand story parallels F1 engineering marketing.
3,Commercial Vehicles,Gillig LLC,gillig.com,United States,Transit bus manufacturing,3000,1k-5k,sentiment,sentiment,"Largest independent U.S. transit-bus builder (reported ~30-40% U.S. market share, acquired by American Industrial Partners in 2021); no public financials, but scale of output implies multi-hundred-million-dollar revenue, and its electrification push mirrors F1's sustainability narrative."
4,Commercial Vehicles,Toyota Industries Corporation,toyota-industries.com,Japan,Forklifts & material handling equipment,74000,10k+,sentiment,core,"World's largest forklift/material-handling manufacturer with deep precision-engineering credentials and Toyota Group manufacturing prestige, giving a natural entry point despite Toyota Motor itself sitting outside F1."
5,Edge & CDN,"Baishan Cloud Technology Co., Ltd.",baishan.com,China,Edge computing and CDN,500,250-1k,sentiment,"Sentiment: one of China's top-3 CDN/edge cloud providers; raised over $200M in a Series D round (2018) from IDG Capital and others, continuing to serve major domestic internet and streaming clients",China remains a priority growth market for F1; a leading domestic edge/CDN provider offers activation reach independent of the Western hyperscalers already engaged.
6,Gulf Sovereign & Tourism,Kuwait Investment Authority (KIA),kia.gov.kw,Kuwait,Sovereign wealth fund,500-800,250-1k,core,core,World's oldest sovereign wealth fund (~$800B+ AUM) with no current F1 presence; fits the special sovereign-entity allowance and represents a Gulf state not yet visible on the grid via its investment arm.
7,Gulf Sovereign & Tourism,Public Investment Fund (PIF),pif.gov.sa,Saudi Arabia,Sovereign wealth fund / giga-project owner,"2,500+",1k-5k,core,core,"Saudi Arabia's ~$925B sovereign wealth fund and owner/backer of NEOM, Qiddiya, ROSHN, Riyadh Air and SURJ Sports Investment; sovereign backing alone clears the core gate and it is not itself a current F1 sponsor."
8,Gulf Sovereign & Tourism,Qatar Investment Authority (QIA),qia.qa,Qatar,Sovereign wealth fund,500-700,250-1k,core,core,"Qatar's sovereign wealth fund (~$500B AUM); state-linked capital pool distinct from Qatar Airways/stc which are already excluded as current sponsors, giving Qatar a second sovereign-vehicle entry point into F1."
9,Gulf Sovereign & Tourism,Abu Dhabi Investment Authority (ADIA),adia.ae,United Arab Emirates,Sovereign wealth fund,"1,500-2,000",1k-5k,core,core,"One of the world's largest sovereign wealth funds (est. $900B+ AUM); Abu Dhabi already hosts a race weekend, and ADIA is a distinct entity from Mubadala (excluded), offering an untapped state-capital sponsor angle."
10,Gulf Sovereign & Tourism,Investment Corporation of Dubai (ICD),icd.gov.ae,United Arab Emirates,"Sovereign investment holding (owns Emirates, Emirates NBD, DEWA stakes)",150-300,250-1k,core,core,"Dubai's principal sovereign investment arm holding stakes across Emirates, Emirates NBD and DEWA; distinct legal entity from Emirates (excluded) and not currently an F1 sponsor itself."
11,Gulf Sovereign & Tourism,Riyadh Air,riyadhair.com,Saudi Arabia,PIF-backed national airline (launch phase),"1,000+ (scaling to 12,000+ by 2030)",10k+,core,core,"New PIF-owned Saudi national carrier launching commercial flights in 2025/26; sovereign-backed with a global brand-building mandate, and separate from Saudia/Qatar Airways-type exclusions."
12,Gulf Sovereign & Tourism,Sela Company,sela.sa,Saudi Arabia,State-linked entertainment & live-events producer,"~2,000",1k-5k,sentiment,sentiment,"Saudi entertainment/events group behind Riyadh Season, WWE Arabia and other giga-events tied to the state's Vision 2030 sports push; publicly reported revenue not disclosed, so flagged as sentiment pending confirmed financials rather than assumed core."
13,HPC & Supercomputing,"Phytium Technology Co., Ltd.",phytium.com.cn,China,High-performance CPU design for servers and supercomputing,1000,250-1k,sentiment,"Sentiment: processors deployed in China's Tianhe-series supercomputers; placed on the US Entity List in 2021, reflecting its strategic role in China's domestic HPC ecosystem",A strategic domestic HPC brand seeking China-market prestige; the Shanghai GP offers a high-visibility local platform for building consumer and enterprise trust.
14,Home & Living,Miele & Cie. KG,miele.com,Germany,Premium home appliances,23000,10k+,core,High $2M-6M,"Family-owned premium appliance maker (~EUR5.4B revenue, 23k+ staff) with a 'Immer Besser' precision-engineering positioning that fits well alongside other premium-lifestyle F1 partners."
15,Home & Living,Arcelik A.S.,arcelikglobal.com,Turkiye,"Home appliances (Beko, Grundig)",40000,10k+,core,Mid $1M-3M,BIST-listed appliance maker (~EUR6B revenue) with pan-European distribution and prior sports-sponsorship experience (football); global media reach of F1 suits its brand-building ambitions in new markets.
16,Industrial Gases,"SK Materials Co., Ltd.",skmaterials.com,South Korea,"Specialty semiconductor gases (NF3, WF6)",700,250-1k,core,Core – ~$550M revenue clears $200M threshold,SK Group specialty-gas arm supplying global chipmakers; Korea regional champion niche-gas play overlooked on the current list.
17,Industrial Gases,"Hyundai Welding Co., Ltd.",hyundaiwelding.com,South Korea,Welding consumables and gas-shielded welding equipment,1500,1k-5k,core,Core – est. $300-400M revenue clears $200M threshold,Major Korean welding-consumables/equipment maker (shielding-gas welding); fabrication/engineering-partner fit for F1 chassis manufacturing sponsorship.
18,Industrial Gases,Chiyoda Corporation,chiyodacorp.com,Japan,LNG and hydrogen plant engineering,2500,1k-5k,core,Core – ~$2.7-3B revenue,Longtime top-tier LNG liquefaction technology/EPC provider; hydrogen-carrier (MCH) technology pioneer aligning with F1 sustainable-fuel messaging.
19,Industrial Gases,"Samsung Engineering Co., Ltd.",samsungengineering.com,South Korea,"LNG, hydrogen and industrial-gas plant engineering (EPC)",5500,5k-10k,core,Core – ~$7-8B revenue,Builds LNG/hydrogen and industrial-gas processing plants globally; engineering-scale brand suited to F1's energy-transition sponsorship angle.
20,Industrial Gases,Worley Limited,worley.com,Australia,"Energy, chemicals and gas-processing engineering services",50000,10k+,core,Core – ~$6-7B revenue,"Australian engineering major active in gas processing, hydrogen and carbon-capture projects; regional-champion catch (APAC/Oceania) for the category."
21,Marketing & Sales,Omnicom Group,omnicomgroup.com,United States,Advertising & marketing services holding company,75000,10k+,core,high,"~$14.7B revenue, ~75k employees; agency holding companies use marquee sports sponsorships to showcase integrated brand-building capability to clients, mirroring rival Publicis's existing F1 tie."
22,Marketing & Sales,Yelp Inc,yelp.com,United States,Local business marketing/ads,4000,1k-5k,core,medium,"~$1.4B FY2024 revenue; Yelp is expanding ad services for auto-services and hospitality SMBs, sectors that cluster around F1 race weekends, and has no existing sports sponsorship to anchor brand campaigns."
23,Marketing & Sales,WPP plc,wpp.com,United Kingdom,Advertising & marketing services holding company,100000,10k+,core,high,"World's largest ad holding company (~$15B revenue, ~100k staff); its agencies already run automotive/tech accounts and F1's global, affluent, brand-safe audience fits WPP's cross-agency pitch to CMOs."
24,Marketing & Sales,Interpublic Group (IPG),interpublic.com,United States,Advertising & marketing services holding company,55000,10k+,core,high,"~$10.7B revenue, ~55k staff; IPG (merging with Omnicom) needs high-visibility platforms to prove data-driven media capability, and F1's premium global reach fits its client roster of autos/finance brands."
25,Marketing & Sales,Dentsu Group,dentsu.com,Japan,Advertising & marketing services holding company,66000,10k+,core,high,"~$9B revenue, ~66k employees; Dentsu is the exclusive sales agent for Japanese GP commercial rights and has deep motorsport ties, making direct sponsorship a natural extension of its F1 relationship."
26,Materials & Mech Parts,SSAB AB,ssab.com,Sweden,Advanced high-strength steel,14000,10k+,sentiment,core,"Global leader in advanced high-strength and fossil-free ('HYBRIT') steel used in vehicle safety structures, matching F1's own sustainability and lightweight-safety engineering narrative."
27,Materials & Mech Parts,ArcelorMittal S.A.,corporate.arcelormittal.com,Luxembourg,Steel & mining materials,121000,10k+,sentiment,core,"World's largest steelmaker by output outside China, with major automotive-steel supply business and global brand recognition suited to F1's international sponsor tier."
28,Mobility & Automotive,Toyota Motor Corporation,global.toyota,Japan,Global automaker (passenger & hybrid vehicles),380000,10k+,sentiment,core,"World's largest automaker by volume; currently absent from F1 (competes in WEC/WRC instead), leaving a rare open lane for a top-tier OEM sponsorship or technical-partner conversation."
29,Mobility & Automotive,Kia Corporation,kia.com,South Korea,Global automaker,52000,10k+,sentiment,core,"Fast-growing global OEM investing heavily in performance/EV sub-brands and international sports sponsorship (already active in football, e.g. FIFA), with no existing F1 commitment."
30,Mobility & Automotive,"Lithia Motors, Inc.",lithiamotors.com,United States,Automotive retail & dealer group,28000,10k+,sentiment,core,"Largest U.S. new/used vehicle retailer by revenue, scaling internationally (UK acquisitions); consumer-facing auto retail brands fit F1's growing U.S. fan base and Grand Prix expansion."
31,Mobility & Automotive,"AutoNation, Inc.",autonation.com,United States,Automotive retail & dealer group,26000,10k+,sentiment,core,"One of the largest U.S. automotive retailers, with a consumer marketing budget well suited to reach F1's fast-growing American audience post Netflix 'Drive to Survive'."
32,Mobility & Automotive,"Penske Automotive Group, Inc.",penskeautomotive.com,United States,Automotive & commercial dealer group,19000,10k+,sentiment,core,"Global dealership group under the Penske brand, whose motorsport-steeped ownership (Team Penske in IndyCar/NASCAR) gives an existing racing-marketing culture that could extend into F1 sponsorship."
33,Mobility & Automotive,"Asbury Automotive Group, Inc.",asburyauto.com,United States,Automotive retail & dealer group,15000,10k+,sentiment,core,"Large publicly traded U.S. dealer group actively expanding via acquisition, fitting the profile of consumer-automotive brands using F1's U.S. growth to reach car buyers."
34,Packaging & Food Machinery,"Yamato Scale Co., Ltd.",yamato-scale.co.jp,Japan,"Weighing, checkweighing & packaging machinery for food",2800,1k-5k,core,Low-Mid $250K-1M,Long-established food-industry weighing/packaging equipment maker with revenue above the $200M core threshold; APAC growth ambitions make F1's Japanese/Asian race calendar attractive exposure.
35,Packaging & Food Machinery,Metsä Group,metsagroup.com,Finland,Sustainable packaging materials & paperboard,9300,5k-10k,core,High $2M-5M,Finnish forest-industry group (~EUR5B revenue) producing fibre-based packaging board as an alternative to plastics; sustainability credentials fit F1's renewable-materials sponsorship positioning well.
36,Packaging & Food Machinery,Kloeckner Pentaplast Group (kp),kpfilms.com,Luxembourg,Flexible & rigid packaging films for food/pharma,6000,5k-10k,core,Mid $750K-2M,"Global packaging-film manufacturer (~EUR1.5B revenue, ~6,000 staff) with an active recyclable-materials push, offering a sustainability angle comparable to other packaging sponsors in the space."
37,Packaging & Food Machinery,Archer-Daniels-Midland Company,adm.com,United States,Food ingredient processing & agribusiness supply chain,42000,10k+,core,High $3M-8M,"Fortune 50 agribusiness/ingredients giant (~$85B revenue) supplying flavors, starches and proteins to food manufacturers alongside peers like Kerry and Tate & Lyle already tracked in this category."
38,Packaging & Food Machinery,Bunge Global SA,bunge.com,Switzerland,Agribusiness & food ingredient processing,23000,10k+,core,High $2M-6M,NYSE-listed global oilseed/grain processor (~$50B revenue) supplying edible oils and ingredients to the food industry; scale and international footprint suit a global sponsorship platform like F1.
39,Packaging & Food Machinery,Wilmar International Limited,wilmar-international.com,Singapore,"Agribusiness, food processing & packaging supply chain",100000,10k+,core,High $2M-6M,"Asia's largest agribusiness group (~$60B revenue) spanning edible oils, food processing and packaging; strong APAC growth story aligns with F1's expanding Asian race calendar and fan base."
40,Packaging & Food Machinery,"Cargill, Incorporated",cargill.com,United States,"Food, agriculture & ingredient processing",160000,10k+,core,High $5M+,"Privately held but publicly reported ~$160B-revenue food and agriculture conglomerate; scale far exceeds the core gate, and its ingredient/packaging supply-chain footprint mirrors sponsors already tracked."
41,Storage Hardware,Cubbit S.p.A.,cubbit.io,Italy,"Distributed, geo-cloud object storage",120,100-250,sentiment,"Sentiment: backed by the EIC Fund and CDP Venture Capital; provides sovereign, geo-distributed cloud storage to European enterprise and public-sector customers as an EU alternative to hyperscaler storage",An Italian tech champion with Monza/Imola home-market ties; its EU data-sovereignty message fits Europe-first team sponsorship narratives.
42,Storage Hardware,"Pavilion Data Systems, Inc.",pavilion.io,United States,High-performance NVMe-oF storage arrays for AI/HPC,150,100-250,sentiment,Sentiment: raised over $100M across multiple funding rounds; NVMe storage platforms deployed in AI/ML and high-performance computing clusters,"An ultra-low-latency storage pitch parallels F1's real-time data demands; its compact size mirrors smaller technical partners already in the paddock (e.g., JetCool, Motivair)."
43,TIC,Sterling Check Corp.,sterlingcheck.com,USA,Background screening & identity verification,4700,1k-5k,core,medium,Background-check/identity-verification competitor to Checkr/HireRight already on the list; revenue ~$700M clears the core revenue gate.
44,TIC,SNC-Lavalin Group (AtkinsRealis),atkinsrealis.com,Canada,"Engineering, inspection & infrastructure consulting",36000,10k+,core,high,"Major engineering/inspection firm for transport and venue infrastructure, motorsport-circuit adjacent; revenue >$4B, core."
45,Tools & Industrial Supply,"Airgas, Inc. (Air Liquide)",airgas.com,United States,"Industrial, medical & specialty gases and supply","~20,000",10k+,core,High,~$12B revenue industrial gas and hardgoods distributor with a large-scale industrial customer base fitting an F1 supply-chain sponsorship.
46,Travel & Hospitality,"Melia Hotels International, S.A.",melia.com,Spain,Hotel & resort chain,35000,10k+,core,Mid $750K-2M,"BME-listed European hotel group (~EUR2B revenue) with strong presence near several European F1 venues (Spain, Italy); a logical race-market hospitality partner."
47,Travel & Hospitality,Minor Hotels (Minor International PCL),minorhotels.com,Thailand,"Hotel & resort group (Anantara, NH Hotels)",20000,10k+,core,Mid $750K-2M,"SET-listed hospitality group (~$2B+ revenue) spanning luxury (Anantara) to midscale (NH Hotels) brands across Asia-Pacific and Europe, both regions with F1 race calendars."
48,Travel & Hospitality,Sonesta International Hotels Corporation,sonesta.com,United States,Hotel chain (incl. Extended Stay America),13000,10k+,core,Mid $750K-2M,US hotel operator (~$3B revenue) formed via the Extended Stay America merger; scale clears the core revenue gate and it lacks any current motorsport sponsorship.
49,Travel & Hospitality,Club Med (Fosun Tourism Group),clubmed.com,France,All-inclusive resort operator,14000,10k+,core,Mid $750K-2M,"French all-inclusive resort brand under Fosun Tourism Group, with ~65 resorts worldwide and staffing well above the core employee gate; premium leisure positioning fits F1's lifestyle hospitality tier."
50,Vertical SaaS,Clearwater Analytics,clearwateranalytics.com,United States,Investment management & accounting SaaS,1500,1k-5k,core,medium,"~$400M FY2024 revenue; serves insurers and asset managers, a client base already well represented among F1 sponsors, giving Clearwater a plausible entry point to reach the same institutional-investor decision-makers."
