#,company,domain,hq_country,sector,subsector,employees_est,funding_total,why_f1
1,Airbase,airbase.com,USA,B2B Spend & Corporate Cards,Spend Management / Procure-to-Pay,~296,"~$201M total, latest Series C $91M (2021, brought cumulative total to $201M)","US-based procure-to-pay and spend management scale-up targeting mid-market finance teams; F1's expanding US audience (Austin, Miami, Las Vegas GPs) and CFO/finance-leader viewership overlap gives Airbase a data-driven case for a targeted US sponsorship or hospitality activation."
2,Balance,getbalance.com,USA,B2B Spend & Corporate Cards,B2B BNPL / AR Automation for Physical Trade,~147,"$250M+ total (per funding database), backed by Forerunner, Lightspeed, Tiger Global","AI-native financial infrastructure for physical B2B trade (manufacturing, distribution, wholesale) - sectors with deep historical ties to motorsport and F1 team supply chains; sponsorship would let Balance showcase its platform to exactly the kind of industrial/manufacturing buyers and sellers it serves."
3,Capchase,capchase.com,USA,B2B Spend & Corporate Cards,B2B BNPL / Vendor & Revenue Financing,~96,"$250M+ total (equity+debt), backed by QED, Invesco, Thomvest","Vendor-financing platform enabling enterprise tech buyers to spread payments, serving Fortune 500-adjacent customers like CDW and Insight; F1's enterprise B2B sponsorship audience (procurement and finance leaders at large buyers) is squarely Capchase's target decision-maker base."
4,Clara,clara.com,Mexico/Brazil,B2B Spend & Corporate Cards,Corporate Cards & Spend Management (LatAm),~467,"$204M+ equity (some reports cite $700M+ incl. debt facilities), latest $80M round April 2025","LatAm's leading corporate card/spend unicorn, serving 20,000+ businesses across Mexico, Brazil and Colombia; Mexico City GP is one of F1's most-attended races and Clara's brand-building ambitions in the region make an F1 partnership a natural fit for regional awareness."
5,Clearco,clear.co,Canada,B2B Spend & Corporate Cards,Revenue-Based Financing / Working Capital,~136,"$3.5B+ deployed (mostly debt facilities), ~$450M equity raised, major rounds 2021","Toronto-based e-commerce financing pioneer with a history of high-profile brand marketing (celebrity-fronted campaigns); F1's growing North American and e-commerce-brand fan base fits Clearco's core 10,000+ funded-brand customer base."
6,Fundbox,fundbox.com,USA/Israel,B2B Spend & Corporate Cards,B2B BNPL / Embedded Working Capital,~208,"$300M+ equity plus significant debt facilities (unicorn, $1.6B valuation 2021)",SMB embedded-capital infrastructure provider (CNBC Top Fintech 2024/2025) pivoting toward platform partnerships; F1's broadcast reach among small-business owners and platform partners provides Fundbox brand exposure as it repositions as capital infrastructure behind the digital SMB economy.
7,Jeeves,tryjeeves.com,"USA/Mexico (LatAm-focused, YC-backed)",B2B Spend & Corporate Cards,Corporate Cards & Global Spend Management,~150,"$380-594M total (equity+debt), latest $100M venture debt round Dec 2025","Global corporate card/spend platform for scaling companies across LatAm, US and Europe with heavy debt-fueled balance sheet; F1's global calendar (especially Mexico City and Miami GPs) maps directly onto Jeeves' core LatAm/US customer base and could anchor a regional activation strategy."
8,Mondu,mondu.ai,Germany/Netherlands,B2B Spend & Corporate Cards,B2B BNPL / Trade Credit,100-150,$220M in equity and debt financing to date (per company),"German-founded B2B BNPL platform backed by J.P. Morgan Payments and Valar Ventures, expanding across Europe; F1's German (Barcelona/Spa-adjacent EU) and pan-European B2B audience of merchants/marketplaces is exactly who Mondu needs to reach for its embedded-checkout financing product."
9,Novo,novo.co,USA,B2B Spend & Corporate Cards,Business Banking & Corporate Cards,~413,"~$212M total, latest Series C $90M (2022)",Fast-growing US small-business banking and card platform positioned against Mercury/Brex; F1's expanding American footprint and small-business-owner audience offers Novo a marketing lever to build brand recognition beyond digital-only acquisition channels.
10,Payhawk,payhawk.com,Bulgaria/UK,B2B Spend & Corporate Cards,Corporate Cards & Spend Management,400-500,"$240-343M total (varies by source incl. debt), latest $100M raise 2024/2025 talks at ~$2B valuation",European scale-up spend management unicorn (~$1B+ valuation) actively expanding brand into UK/EU enterprise segment; category directly adjacent to Visa/Mastercard/Amex but itself unsponsored; strong marketing budget and prior sports-adjacent sponsorship appetite (football shirt deals in Bulgaria) suggest F1 fits its premium B2B branding push.
11,Pipe,pipe.com,USA,B2B Spend & Corporate Cards,Embedded Financing / Working Capital,~425,"$316M total, Series C $250M (2021)","Embedded capital-as-a-service provider partnering with software platforms to offer financing at checkout; F1's platform-and-partner-driven sponsorship ecosystem mirrors Pipe's own embedded-partnership go-to-market, making a team or paddock partnership a natural marketing story."
12,Rho,rho.co,USA,B2B Spend & Corporate Cards,Corporate Banking & Spend Management,~333,"~$205M total, latest Series C $75M (2024)","New York-based all-in-one banking/spend platform for startups, competing with Mercury/Brex/Ramp; sponsoring F1 (or a team activation) would be a high-visibility way for a challenger brand like Rho to differentiate against larger, better-funded rivals already dominating digital ad channels."
13,Soldo,soldo.com,UK/Italy,B2B Spend & Corporate Cards,Corporate Cards & Spend Management,~400,"~$225M total, latest Series C $180M (2021)","Italian-founded, London-headquartered spend management platform with deep roots in Milan (home of Monza GP) and broad European enterprise base; Soldo's brand has previously leaned into premium European lifestyle marketing, making F1 a natural extension given Italy's motorsport heritage."
14,Spendesk,spendesk.com,France,B2B Spend & Corporate Cards,Corporate Cards & Spend Management,300-330,"$311.1M total, latest Series C $114M (2022)","Category-defining French spend management scale-up ($1B+ valuation) with strong pan-European enterprise ambitions; F1's growing France/Europe fanbase and finance-team decision-maker audience aligns with Spendesk's ICP; comparable fintechs (Airwallex, Revolut) already race-sponsor, giving Spendesk a competitive marketing rationale."
15,Uncapped,weareuncapped.com,UK,B2B Spend & Corporate Cards,Revenue-Based Financing / Working Capital,~80,"$100-250M+ (equity plus institutional debt facilities, incl. large funding facilities secured 2021)","London-based working capital provider for e-commerce and subscription brands, expanding into the US; F1's British Grand Prix home-market prestige plus growing US e-commerce sponsor base fits Uncapped's transatlantic growth strategy."
16,Wayflyer,wayflyer.com,Ireland,B2B Spend & Corporate Cards,Revenue-Based Financing / Working Capital,400-440,"$300M+ equity plus large debt facilities (>$2B deployed), major rounds 2021-2022","Dublin-based working capital unicorn for e-commerce brands with US, UK and Australian offices; F1's growth in the US (Austin, Miami, Las Vegas) and among DTC/e-commerce sponsors mirrors Wayflyer's core customer base, offering a credible sponsorship narrative."
17,Bilt Rewards,biltrewards.com,United States,Consumer Fintech & Neobanks,Credit Builder / Rewards,266,"$958M total across 5 rounds; latest Series B $250M, Jul 2025","Rapidly scaling rewards/credit platform ($10.8B valuation) with a lifestyle-brand positioning (travel, dining, live events) that fits F1's experiential sponsorship model."
18,Chipper Cash,chippercash.com,United States,Consumer Fintech & Neobanks,Remittance / Neobank,243,"$305M total; Series C $250M, 2021","Pan-African cross-border payments app with a young, mobile-first user base; F1's push into African markets and diaspora fan communities creates a natural sponsorship story."
19,CoinSwitch,coinswitch.co,India,Consumer Fintech & Neobanks,Consumer Crypto Exchange,420,"$260M total; Series C, 2021-22",India's largest crypto platform (25M+ registered users) seeking mainstream trust-building; F1's Indian fan growth and lack of a current India-based crypto sponsor make this a strong regional fit.
20,Current,current.com,United States,Consumer Fintech & Neobanks,Neobank,485,"$402M total; Series D $220M, 2021",Challenger bank for everyday Americans with strong Gen Z/millennial penetration; growth-stage budget and brand-building need align with F1's expanding US fan base.
21,Curve,curve.com,United Kingdom,Consumer Fintech & Neobanks,Card Aggregation / Neobank,257,"~$250M equity + $1B Credit Suisse debt facility, 2023",UK-based 'operating system for money' card platform with strong European and MENA expansion ambitions; F1's UK roots and global calendar suit its multi-market growth strategy.
22,Klar,klar.mx,Mexico,Consumer Fintech & Neobanks,Neobank / Credit,362,~$355M total (equity + debt facilities); latest debt raise 2023,Leading Mexican digital bank (7M+ users) positioned as a mainstream consumer brand; F1's Mexico City Grand Prix and growing LatAm fanbase offer a natural regional activation.
23,M1 Finance,m1.com,United States,Consumer Fintech & Neobanks,Consumer Investing / Neobank,236,"~$323M total; Series E $150M, 2021","'Finance super app' combining investing, borrowing and spending for self-directed investors; needs premium brand credibility to compete with larger robo/neobank rivals."
24,MoneyLion,moneylion.com,United States,Consumer Fintech & Neobanks,Neobank / Consumer Investing,488,"~$300M+ pre-IPO equity plus 2021 public listing (NYSE, via SPAC)",NYSE-listed consumer finance super app (part of Gen Digital family) with an embedded-finance media arm; scale and public-company marketing budget support a marquee sponsorship.
25,MoonPay,moonpay.com,United States,Consumer Fintech & Neobanks,Consumer Crypto Wallet/Payments,438,"$757M total; latest $200M debt facility, Mar 2025","Consumer crypto on/off-ramp already active in celebrity/entertainment sponsorships; global, affluent, tech-forward user base matches F1's international fanbase and premium partner activations."
26,Phantom,phantom.com,United States,Consumer Fintech & Neobanks,Consumer Crypto Wallet,386,"~$250M total; Series C, early 2025","Fast-growing multi-chain consumer crypto wallet expanding into trading/predictions; targets a young, digitally-native demographic that closely tracks F1's fastest-growing fan segment."
27,Scalapay,scalapay.com,Italy,Consumer Fintech & Neobanks,BNPL,257,~$700M total (equity + debt facilities); Series B 2021,"Southern European BNPL leader spanning fashion/luxury/travel verticals; Italy's F1 heritage (Monza, Imola) and Scalapay's brand-positioning make a strong regional/lifestyle fit."
28,Sezzle,sezzle.com,United States,Consumer Fintech & Neobanks,BNPL,443,"$250M+ total including post-IPO capital raises, 2024",Nasdaq-listed BNPL challenger focused on financial empowerment for younger consumers; growing profitably and looking for premium brand marketing to stand apart from Affirm/Klarna.
29,Step,step.com,United States,Consumer Fintech & Neobanks,Teen Banking / Credit Builder,284,$500M total (equity + debt); most recent debt raise 2023,Gen Z-focused banking and credit-builder app newly backed by MrBeast's massive youth audience (acquired Feb 2026); direct overlap with F1's fastest-growing younger fan demographic.
30,Tandem Bank,tandem.co.uk,United Kingdom,Consumer Fintech & Neobanks,Digital Bank,417,~$270M+ total across multiple rounds through 2021,"UK challenger bank with a sustainability-led consumer brand; a UK-based, well-capitalized fintech looking to build broader consumer recognition beyond savings/lending niches."
31,Varo Bank,varobank.com,United States,Consumer Fintech & Neobanks,Neobank,430,"$1.12B total across 8 rounds; latest Series G $124M, Jan 2025","First all-digital nationally chartered US bank; young, mobile-first user base overlaps heavily with F1's US growth audience; well-funded enough for a marquee sponsorship push to build brand trust."
32,Wealthfront,wealthfront.com,United States,Consumer Fintech & Neobanks,Consumer Investing / Savings,450,~$205M total; last major round 2018,"Established robo-advisor/investing app for young professionals seeking premium, aspirational brand associations ahead of a potential IPO — F1's affluent audience is an efficient reach channel."
33,WeLab,welab.co,Hong Kong SAR,Consumer Fintech & Neobanks,Digital Bank / Consumer Lending,205,"~$700M total (incl. Series B $220M 2016, Series C $156M 2019 and digital-bank capital)","Pan-Asian digital bank operating WeLab Bank (HK), WeLend and Bank Saqu (Indonesia); backed by Allianz and CCB International, giving it both scale and appetite for a premium APAC sponsorship."
34,Zilch,zilch.com,United Kingdom,Consumer Fintech & Neobanks,BNPL,315,"~$460M total (equity + debt); Series C $125M, 2023","UK BNPL challenger with ad-funded, direct-to-consumer model; needs premium global brand halo that F1 sponsorship provides to differentiate from larger BNPL rivals."
35,Alloy,alloy.com,US,Cybersecurity,Identity Risk / Fraud Prevention (Fintech Identity Decisioning),300,"$211M total; Series C (extended) $152M, 2021-2022","Unicorn-valued ($1.55B) identity-risk decisioning platform for banks and fintechs, well past the funding threshold with a headcount that keeps sponsorship spend efficient."
36,Beyond Identity,beyondidentity.com,US,Cybersecurity,Identity (Passwordless Authentication),142,"$205M total; Series C $100M, Feb 2022","Passwordless-authentication pioneer with over $200M raised and a lean, capital-efficient team — a good fit for a targeted identity-security sponsorship."
37,BigID,bigid.com,US,Cybersecurity,Data Security (DSPM / Privacy),110,"$367M total; Series E $60-70M, Mar 2024","Extremely capital-efficient DSPM/data-intelligence leader ($1.25B valuation) with a small, high-leverage team — a textbook case for a scale-up sponsor seeking outsized exposure per employee."
38,Contrast Security,contrastsecurity.com,US,Cybersecurity,Application Security (IAST / RASP),300,"$269M total; Series E $150M, Nov 2021","Mature, well-capitalized app-security leader (Warburg Pincus, Battery backed) with an efficient headcount, suited to a targeted sponsorship for enterprise dev/security buyers."
39,Corelight,corelight.com,US,Cybersecurity,Network Detection & Response (NDR),479,"$309M total; Series E $150M, Apr 2024","Open-source-rooted (Zeek) NDR leader with strong government/enterprise traction and funding well above threshold, at the top edge of the target headcount band."
40,Coro,coro.net,US,Cybersecurity,SecOps (SMB/Mid-Market Cybersecurity Platform),350,"$275M total; Series D $100M, Mar 2024","Fast-growing modular cybersecurity platform for the underserved SMB/mid-market segment, well capitalized and still in growth mode — good story arc for a sponsorship."
41,Cyberhaven,cyberhaven.com,US,Cybersecurity,Data Security / Insider Risk (DLP),300,"$236M total; Series D $100M, Apr 2025","Well-funded, AI-era data-protection scale-up (backed by Khosla, Redpoint) squarely in the 50-500 band with a growing enterprise logo base for brand association."
42,Deep Instinct,deepinstinct.com,US,Cybersecurity,AI Security (Deep Learning Malware Prevention),220,"$322M total; Series E $62M, 2024","Israeli-founded, deep-learning-native prevention company with over $300M raised and a compact team, well positioned to use F1 for global enterprise brand-building."
43,Dream Security,dreamsecurity.com,Israel,Cybersecurity,OT / Critical Infrastructure Cybersecurity,350,"$415M total; round $260M, Jun 2026 ($3B valuation)","One of the fastest-scaling critical-infrastructure security startups ever (founded 2022-23), backed by marquee investors, with a headcount still well under 500 despite huge capital."
44,Horizon3.ai,horizon3.ai,US,Cybersecurity,SecOps (Autonomous Penetration Testing / Exposure Validation),435,"$428M total; Series E $250M, Aug 2026 ($2B+ valuation)",AI-native offensive-security company that tripled its valuation in a year on the back of a $250M round — a fast-rising challenger brand well suited to a high-visibility sponsorship.
45,Kandji,kandji.io,US,Cybersecurity,Endpoint / Device Security (Apple Device Management & Security),315,"$289M total; Series D $100M, Jul 2024",Well-funded Apple-device security/management platform ($850M valuation) with enterprise customers and headroom in headcount to grow into a marketing partnership.
46,Kiteworks,kiteworks.com,US,Cybersecurity,Data Security (Secure Content / File Sharing),361,"$650M total; growth round $456M, Aug 2024","Massively capitalized private-content-network security vendor serving regulated industries globally, with funding well above the threshold and a lean operating team."
47,Menlo Security,menlosecurity.com,US,Cybersecurity,Browser Security (Isolation),483,"$251M total; Series E $100M, 2021 (Vista Equity Partners)","Established browser-isolation pioneer with blue-chip investors and enterprise scale, sitting right at the top of the target headcount band with meaningful brand budget."
48,Orca Security,orca.security,US,Cybersecurity,Cloud Security (CSPM / CNAPP),360,"$640M total; Series E $550M, 2024","Heavily capitalized ($1.8B valuation) agentless cloud security unicorn with global enterprise reach and a lean headcount relative to its funding, ideal for a marquee sponsorship."
49,Prove Identity,prove.com,US,Cybersecurity,Identity Verification / Phone-Centric Authentication,435,"$268M total; round $40-44M, 2023","Deeply capitalized phone-based identity platform serving major banks and telcos, with headcount still inside the target band for efficient sponsorship economics."
50,Salt Security,salt.security,US,Cybersecurity,API Security,200,"$280M total; Series D $140M, Feb 2022",Category-defining API security unicorn ($1.4B valuation) with strong VC backing (CapitalG) and a headcount that keeps marketing spend efficient.
51,Socure,socure.com,US,Cybersecurity,Identity Verification / Fraud Prevention,459,"$744M total; Series E $450M, Nov 2021",One of the best-funded identity-verification companies globally ($4.5B valuation) with consumer-facing brand ambitions that align well with F1's global audience.
52,Transmit Security,transmitsecurity.com,US,Cybersecurity,Identity (CIAM / Passwordless),317,"$543M total; Series A $543M, 2021","One of the largest single funding rounds in cybersecurity history ($2.2B valuation) with a comparatively lean team, giving major sponsorship budget headroom."
53,Trulioo,trulioo.com,Canada,Cybersecurity,Identity Verification,367,"$477M total; Series D $394M, Jun 2021","Global identity-verification unicorn ($1.75B valuation) headquartered in Canada, offering geographic diversity and strong brand budget for a global sponsorship platform like F1."
54,Upwind Security,upwind.io,US,Cybersecurity,Cloud Security (CNAPP / Runtime Security),300,"$430M total; Series B $250M, Jan 2026","Fast-scaling, capital-rich runtime cloud security unicorn (Bessemer/Salesforce Ventures backed) still in the 50-500 lean-team band, giving strong per-dollar brand visibility for a category sponsor slot."
55,Aiven,aiven.io,Finland,Data & AI Platforms,"Managed open-source data platform (databases, Kafka streaming)",469,"$210M total (Series D, 2022)","European-HQ'd, globally distributed data infrastructure company (9 countries) that matches F1's global-calendar footprint; well-funded scale-up seeking premium international brand exposure beyond its home market."
56,Astronomer,astronomer.io,United States,Data & AI Platforms,Data orchestration platform (managed Apache Airflow),350,"~$300M+ total (Series D, 2022)",Orchestrates the mission-critical data pipelines behind 900+ enterprises' AI and analytics workloads — a fitting behind-the-scenes 'keeps everything running on schedule' partner narrative for race operations.
57,Domino Data Lab,domino.ai,United States,Data & AI Platforms,MLOps / enterprise AI model governance platform,267,"$233M total (Series F, 2022)","Backed by Nvidia and Snowflake; enterprise AI governance platform used by regulated industries (pharma, finance) that overlap heavily with F1's existing sponsor categories, offering a credible new-logo sponsorship story."
58,Dremio,dremio.com,United States,Data & AI Platforms,Data lakehouse / query engine (Apache Iceberg),363,"$263M total (Series F, 2022)","Lakehouse platform for governed, agent-ready enterprise data; strong funding and enterprise logos (Shell, TD Bank) make F1's global enterprise audience a natural brand-building fit, not currently affiliated with any team/series sponsorship."
59,Firebolt,firebolt.io,United States,Data & AI Platforms,Cloud data warehouse / lakehouse analytics,143,"$267M total (Series C, 2022)","Performance-obsessed data warehouse (sub-second analytics) mirrors F1's performance culture; well-capitalized, lean scale-up looking to build enterprise brand awareness outside crowded US SaaS channels."
60,H2O.ai,h2o.ai,United States,Data & AI Platforms,MLOps / AutoML / agentic GenAI platform,367,"$256M total raised (explicitly stated), last major round 2021","Backed by Nvidia, Goldman Sachs and Wells Fargo; positions itself around 'Sovereign AI' and predictive+generative AI convergence, a message that pairs well with F1's real-time strategy/predictive-analytics storylines."
61,Imply,imply.io,United States,Data & AI Platforms,Real-time analytics database (Apache Druid),183,"$213M total (Series D, 2022)","Real-time analytics platform built for the exact use case F1 has in spades (millisecond telemetry, race-ops dashboards); well-funded, capital-efficient scale-up with a clean B2B brand story for a global data-and-speed sponsorship platform."
62,Incorta,incorta.com,United States,Data & AI Platforms,Real-time BI / direct-data-analytics platform,347,"~$235M total (Series D, 2021)","ETL-free, real-time analytics on raw source data is directly analogous to F1's live telemetry pipeline; sizable funding and enterprise ERP-adjacent customer base (large industrials) fit F1's traditional sponsor mix."
63,Matillion,matillion.com,United Kingdom,Data & AI Platforms,ETL / data pipeline automation (now AI data-agent platform 'Maia'),471,"~$300M+ total (Series E, 2021)","UK-headquartered (Manchester), well-funded data pipeline company pivoting to agentic data automation; a UK/European F1 sponsorship angle plays naturally to its home-market roots and enterprise ambitions."
64,Ambience Healthcare,ambiencehealthcare.com,USA,Enterprise & Vertical AI,Healthcare vertical AI (ambient clinical documentation),231,"$373M total raised; latest $243M Series C, Jul 2025 ($1B+ valuation)","Leading ambient AI scribe platform for health systems, backed by a16z/Oak HC-FT with a $1B+ valuation; well-funded but still lean, classic high-growth scale-up sponsorship profile."
65,Augment Code,augmentcode.com,USA,Enterprise & Vertical AI,AI coding agents,170,"$252M total raised; $227M Series B, 2024","Well-funded enterprise AI coding assistant challenging incumbents, founded by ex-VMware/Databricks leaders; strong enterprise credibility and clean cap table for a first-time sports sponsorship."
66,Decagon,decagon.ai,USA,Enterprise & Vertical AI,AI CX agents (customer support),500,"$481M total raised; latest $250M Series D, Jan 2026 ($4.5B valuation)",Fast-scaling AI customer-support agent unicorn with marquee enterprise logos and heavy 2026 fundraising velocity; strong consumer-facing brand story fits trackside/paddock activation.
67,Deepgram,deepgram.com,USA,Enterprise & Vertical AI,Voice AI infrastructure (foundation for CX/voice agents),358,"~$215M total raised; $130M Series C, 2024 ($1.3B valuation)","Voice-AI infrastructure powering agentic products at Uber, DoorDash, Notion and Cursor; strong technical brand and enterprise adoption make it a credible tech sponsor for F1's engineering-driven audience."
68,Harvey,harvey.ai,USA,Enterprise & Vertical AI,Legal vertical AI,460,"$1.22B total raised; latest $200M Series G, Mar 2026 ($11B valuation)","Best-in-class legal AI brand with elite enterprise/law-firm client base (100k+ lawyers), huge recent raise and media momentum; global (US/UK) audience overlaps strongly with F1's professional-services fanbase; not currently an F1 partner."
69,LangChain,langchain.com,USA,Enterprise & Vertical AI,AI agent orchestration / developer framework,280,"$260M total raised; latest $125M round, Oct 2025 ($1.3-1.25B valuation)","Ubiquitous open-source agent framework underpinning much of the AI-agent ecosystem; strong developer-brand recognition and recent large raise, not an F1 sponsor today."
70,Mercor,mercor.com,USA,Enterprise & Vertical AI,AI-driven recruiting/workforce vertical AI,200,"$492M total raised; latest $350M Series C, Oct 2025 ($10-20B valuation range)","One of the fastest-growing AI startups in history (built by young founders, crossed $2B ARR run-rate mid-2026); explosive valuation growth and consumer awareness make it a marquee sponsorship prospect."
71,Norm Ai,norm.ai,USA,Enterprise & Vertical AI,Legal/compliance vertical AI (agentic regulatory compliance),201,"$260M+ total raised; investors include Blackstone, Citi, Vanguard, New York Life","Compliance-AI platform ('agentic law') backed by top-tier financial institutions (Blackstone, Citi, Vanguard) representing $30T+ in AUM; blue-chip investor roster signals strong sponsorship-budget durability."
72,Observe.AI,observe.ai,USA,Enterprise & Vertical AI,AI CX agents (contact center intelligence),380,"$214M total raised; $125M Series C, 2022","Established contact-center AI platform with enterprise scale (400+ staff, hundreds of enterprise customers); solid funding cushion and room to grow into a global sponsorship slot."
73,OpenEvidence,openevidence.com,USA,Enterprise & Vertical AI,Healthcare vertical AI (clinical decision support),119,"$740M total raised; latest $250M Series D, Jan 2026 ($12B valuation)",Physician-trusted medical AI reference tool with a $12B valuation and rapid capital raises; lean headcount relative to funding gives strong sponsorship budget-per-employee optics.
74,Parloa,parloa.com,Germany,Enterprise & Vertical AI,AI CX agents (voice/agentic customer experience),420,"$560M+ total raised; $350M Series D, Jan 2026 ($3B valuation)","Europe's leading agentic-CX voice AI unicorn, tripled valuation to $3B in early 2026; strong European base gives natural tie-in to F1's European race calendar and fanbase."
75,People.ai,people.ai,USA,Enterprise & Vertical AI,Sales vertical AI (revenue intelligence),216,"$201.6M total raised; $100M Series D, 2021","Established AI revenue-operations platform with a durable enterprise customer base; funding sits just over the $200M bar with a lean, efficient headcount profile."
76,PolyAI,poly.ai,United Kingdom,Enterprise & Vertical AI,AI CX agents (enterprise voice AI),252,"$223M+ total raised; $86M Series D, Dec 2025 ($750M valuation)","London-based enterprise voice-AI leader with strong UK/European presence, a natural geographic and brand fit for F1's UK-headquartered teams and European race weekends."
77,Rogo,rogo.ai,USA,Enterprise & Vertical AI,Finance vertical AI (agentic platform for banking/finance),180,"$314M+ total raised; $160M Series D, Apr 2026","Fast-growing agentic AI platform for investment banks/finance teams with rapid, back-to-back mega-rounds in 2026; finance-sector brand overlaps well with F1's paddock sponsor base."
78,Sourcegraph,sourcegraph.com,USA,Enterprise & Vertical AI,AI coding agents (Cody/Amp),170,"$245M+ total raised; $150M Series D, 2021",Established developer-tools brand pivoting hard into agentic coding (Amp/Cody); long operating history plus strong funding base gives credibility as an enterprise-grade sponsor.
79,Torq,torq.io,Israel,Enterprise & Vertical AI,AI security agents (agentic SOC/hyperautomation),443,"$332M total raised; $140M Series D, Jan 2026 ($1.2B valuation)",Newly-minted cybersecurity unicorn pioneering agentic AI SOC automation; strong recent momentum and global enterprise customer base makes it a credible security-tech sponsor.
80,Viz.ai,viz.ai,USA,Enterprise & Vertical AI,Healthcare vertical AI (clinical care-pathway detection),325,"~$309M total raised; $100M Series D, 2021 ($1.2B valuation)","Category-defining clinical AI platform deployed in 2,000+ hospitals, first AI company to receive CMS reimbursement; long operating track record with durable, well-funded enterprise business."
81,Ambiq,ambiq.com,US,GPU & AI Cloud,Ultra-Low-Power Edge AI Silicon,232,"$300M+ total cumulative, including 2025 Nasdaq IPO (~$96M raised)",Sub-threshold ultra-low-power AI silicon powering 270M+ wearable/edge devices; newly public and building a stronger consumer-facing brand.
82,Applied Digital,applieddigital.com,USA,GPU & AI Cloud,AI Data Center Developer (public),257 (201-500 band),$400M+ raised via converts/equity (Nasdaq: APLD); Polaris Forge AI Factory buildout,Award-winning AI/HPC data-center builder (waterless cooling) with growing public-market capital access; fits scale-up headcount band.
83,Axelera AI,axelera.ai,Netherlands,GPU & AI Cloud,Edge AI Inference Accelerators,250,$450M total cumulative (crossed the €200M mark mid-2025); 2025 round,European (Eindhoven-based) edge-AI accelerator scale-up with automotive/industrial vision use cases and strong EU investor backing — good European-market F1 activation fit.
84,Ayar Labs,ayarlabs.com,USA,GPU & AI Cloud,Optical I/O for AI Infrastructure,253 (201-500 band),$250M+ total (Series D and later rounds; cumulative ~$370M),"Co-packaged optics pioneer for AI interconnect, backed by Nvidia/Intel/AMD-adjacent investors; strong AI-networking growth story."
85,Baseten,baseten.co,USA,GPU & AI Cloud,Model Inference & Deployment Platform,367 (201-500 band),$250M+ total across 5+ rounds; Series E ~$300M (2025),Well-capitalized inference infra platform serving major AI labs; scale-up profile fits brand-awareness sponsorship spend.
86,Bitdeer Technologies,bitdeer.com,Singapore,GPU & AI Cloud,AI/Bitcoin HPC Data Centers (public),394 (201-500 band),"$250M+ total (Nasdaq: BTDR, plus ASIC/AI infra buildout capital)",Global 3GW energy portfolio powering Bitcoin + AI HPC; expanding AI cloud arm; global reach fits F1's international audience.
87,Bitfarms (Keel Infrastructure),keelinfra.com,USA,GPU & AI Cloud,AI/HPC Data Center (ex-crypto miner),85,$588M convertible senior notes (2031) + $128M infrastructure agreement (2025-2026),Rebranded from Bitfarms to Keel Infrastructure to pursue AI/HPC data centers across North America; previously verified lean headcount.
88,Blaize,blaize.com,USA,GPU & AI Cloud,Edge & Inference AI Platform (public via SPAC),356 (201-500 band),$250M+ (public via SPAC 2025; ~$334M raised privately pre-listing),"Programmable AI inference platform spanning edge, data center and cloud; public micro-cap with brand-building incentive."
89,CleanSpark,cleanspark.com,USA,GPU & AI Cloud,AI/Bitcoin Data Center Developer (public),201 (201-500 band),$250M+ (Nasdaq: CLSK; growing AI data-center commercial operations arm),Public data-center developer diversifying from Bitcoin into AI compute monetization; sizeable capital base for sponsorship spend.
90,d-Matrix,d-matrix.ai,USA,GPU & AI Cloud,AI Inference Compute (Chiplets),315 (201-500 band),"$450M+ total (Series C $275M, 2025)",Datacenter-scale inference chip maker (Corsair platform) with strong recent funding momentum and inference-cost narrative.
91,Etched,etched.ai,US,GPU & AI Cloud,Transformer-Specific AI Inference Chips,250,$1.04B total cumulative; latest $300M Series C at $10.3B valuation (Jul 2026),Sohu is a purpose-built transformer-inference ASIC racing to unseat NVIDIA; a $10.3B-valuation scale-up hungry for marquee global brand exposure as it commercializes.
92,Fireworks AI,fireworks.ai,USA,GPU & AI Cloud,Inference Cloud,294 (201-500 band),"$1.8B+ total (Series C $250M at $4B val., Nov 2025; Series D $1.5B at $17.5B val., 2026)",One of the fastest-growing inference platforms with a $17.5B valuation and huge marketing budget appetite; no current motorsport sponsorship.
93,FluidStack,fluidstack.io,USA,GPU & AI Cloud,Managed HPC / GPU Clusters,227 (201-500 band),~$1.9B equity total plus up to $10B GPU-backed debt facility (Macquarie); major 2025-2026 rounds,Massive capital stack backing large-scale AI clusters for hyperscaler customers; a scale-up with global ambitions and no F1 tie yet.
94,FuriosaAI,furiosa.ai,South Korea,GPU & AI Cloud,Data Center AI Accelerators,201-240,"$246M+ total (DSC Investment, Korea Development Bank, Naver)",Korean data-center AI accelerator maker with TSMC/Samsung partnerships; strong regional brand-building candidate.
95,Hailo,hailo.ai,Israel,GPU & AI Cloud,Edge AI Silicon,200,"$340M-$425M total cumulative (peak $1.2B valuation, 2024 Series C ext.)",Edge-AI processor maker pivoting toward robotics/automotive; brand visibility could help its turnaround narrative amid recent commercial resets.
96,Hut 8,hut8.com,USA,GPU & AI Cloud,AI/HPC Energy Infrastructure (public),348 (201-500 band),$250M+ (Nasdaq/TSX-listed; multiple capital raises for power/compute buildout),Power-first digital infrastructure platform pivoting hard into AI/HPC compute; public co with growing marketing budget.
97,IQM Quantum Computers,iqm.fi,Finland,GPU & AI Cloud,Superconducting Quantum Computing Hardware,435,$600M+ total cumulative raised,Europe's largest quantum-hardware raise outside the US; on-prem and cloud-accessible superconducting systems with global hub expansion underway.
98,IREN,iren.com,Australia,GPU & AI Cloud,Vertically Integrated AI Cloud/GPU Clusters,"492 (201-500 band, near ceiling)",$250M+ (Nasdaq-listed; renewable-powered AI data centers across US/Canada),Vertically integrated AI cloud provider combining owned power/land with GPU clusters; global renewable-energy angle fits F1 sustainability push.
99,Kneron,kneron.com,Taiwan,GPU & AI Cloud,Edge AI Silicon (NPU),150,$226M total cumulative; latest round 2023,Foxconn-backed edge-AI NPU maker with automotive and consumer-device wins across Asia; global expansion ambitions could use a high-visibility platform.
100,Lightelligence,lightelligence.ai,US,GPU & AI Cloud,Photonic Computing,250,$247M total cumulative; Series C (Sep 2025),"Photonic-computing scale-up fresh off a 2025 raise, still building market awareness for its optical AI accelerator platform outside core enterprise channels."
101,Lightmatter,lightmatter.co,USA,GPU & AI Cloud,Photonic AI Networking,363 (201-500 band),$250M+ total (reported cumulative ~$850M across rounds),Photonic interconnect leader for AI data centers backed by major tech investors; classic AI-networking scale-up profile.
102,MatX,matx.com,USA,GPU & AI Cloud,AI Training Chips,133 (51-200 band),$250M+ total across Seed/Series A-B rounds,Purpose-built AI training chip startup aiming to cut large-model training cost 10x; well-funded silicon scale-up.
103,Modal,modal.com,USA,GPU & AI Cloud,Serverless GPU Compute,122 (51-200 band),"$466M total (Seed $7M, Series A $16M 2023, Series B $87M 2025, Series C $355M 2026)","Unicorn serverless compute platform with a fresh $355M Series C in 2026; revenue up 5x, aggressive growth marketing phase."
104,Mythic,mythic.ai,US,GPU & AI Cloud,Analog Compute-in-Memory AI Chips,92,"$300M+ total cumulative (incl. oversubscribed raise backed by Honda, Lockheed Martin, SoftBank, DCVC)","Analog compute-in-memory inference chips for data center, automotive and robotics; Honda/automotive investor base is a natural bridge into motorsport."
105,NextSilicon,nextsilicon.com,Israel,GPU & AI Cloud,AI/HPC Compute Architecture,381 (201-500 band),"$250M+ total (Series B and later rounds, ~$460M cumulative reported)",Rethinking compute architecture for HPC/AI workloads with strong Israeli deep-tech VC backing; global scale-up seeking visibility.
106,Northern Data Group,northerndata.de,Germany,GPU & AI Cloud,GPU Cloud (Taiga Cloud) / AI Data Centers,147,$800M+ (incl. Tether strategic investment 2024); public listing (Nasdaq/Frankfurt),Operates one of Europe's largest GPU clusters via Taiga Cloud; well-capitalized European neocloud with no current F1 tie.
107,Nscale,nscale.com,United Kingdom,GPU & AI Cloud,AI Data Center / GPU Cloud,354 (201-500 band),"$3.7B+ total (Seed $30M 2023 through Series C $2B at $14.6B val., March 2026)",Nvidia-backed European AI data-center builder with largest-ever European Series B/C rounds; strong global-brand sponsorship budget.
108,Pasqal,pasqal.com,France,GPU & AI Cloud,Neutral-Atom Quantum Computing,304,$300M+ total cumulative; Series C (2024),France's flagship neutral-atom quantum computing scale-up; strong fit for European F1 rounds and government/industrial partnership storytelling.
109,Positron,positron.ai,US,GPU & AI Cloud,AI Inference Chips (Asimov),80,$309M total cumulative; $234M Series B at $1B+ valuation (Jan 2026),Newly minted inference-chip unicorn targeting Nvidia Rubin-class efficiency; freshly capitalized and building brand awareness fast.
110,Preferred Networks,preferred.jp,Japan,GPU & AI Cloud,AI Training Chips & Supercomputers (MN-Core),387,"$385M+ total cumulative (SoftBank, Toyota, Fanuc, NTT among backers)",Japan's leading vertically-integrated AI chip-to-model company (MN-Core processors); strong industrial-partner base and APAC visibility ambitions.
111,Quantum Machines,quantum-machines.co,Israel,GPU & AI Cloud,Quantum Control Systems Hardware,326,$280M+ total cumulative; Series C (2023),Makes the control-electronics hardware/orchestration layer used across the quantum computing industry; well-funded infrastructure player with global reach.
112,QuEra Computing,quera.com,US,GPU & AI Cloud,Neutral-Atom Quantum Computing,201,"$230M total cumulative; backed by Google, NVIDIA and SoftBank (2025)","Harvard/MIT-spinout neutral-atom quantum computer maker with marquee strategic investors (Google, Nvidia, SoftBank); rapidly scaling global commercial presence."
113,Rebellions,rebellions.ai,South Korea,GPU & AI Cloud,AI Inference Chips,315 (201-500 band),"$250M+ total, multiple rounds incl. Samsung and sovereign-fund backing",Korean AI inference chipmaker with global commercial deployments and strong funding; fits Asia-market expansion for F1 sponsorship.
114,Rescale,rescale.com,USA,GPU & AI Cloud,HPC / Applied-AI Simulation Cloud,246 (201-500 band),$230M+ total across Series A-C rounds,"Cloud HPC/simulation platform for engineering (aerospace, automotive) workloads; F1 engineering-simulation angle is a natural fit."
115,Rigetti Computing,rigetti.com,US,GPU & AI Cloud,Quantum Computing Hardware (Superconducting),198,$500M+ cumulative (incl. 2025 at-the-market public offerings; Nasdaq: RGTI),Publicly traded superconducting-qubit pioneer building its own chip fab (Fab-1); public-market visibility makes sponsorship-driven brand building attractive.
116,SambaNova Systems,sambanova.ai,USA,GPU & AI Cloud,AI Chips & Enterprise AI Cloud,402 (201-500 band),"$1.1B+ total (Series D, 2021, plus subsequent rounds)","Full-stack AI chip/cloud provider (RDU architecture) serving enterprises and sovereigns; large funding base, not F1-affiliated."
117,SiMa.ai,sima.ai,USA,GPU & AI Cloud,Edge/Physical AI Inference Chips,247 (201-500 band),$270M+ total (Series C and prior rounds),Physical AI chip platform for robotics/automotive/industrial; automotive-adjacent use cases align naturally with motorsport sponsorship.
118,TensorWave,tensorwave.com,USA,GPU & AI Cloud,AMD-based GPU Cloud,160 (51-200 band),"$493M total (Seed $43M 2024, Series A $100M 2025, Series B $350M 2026)",Fast-scaling AMD-powered AI cloud with fresh $350M raise and $1.55B valuation; unsponsored challenger brand seeking mainstream visibility.
119,TeraWulf,terawulf.com,USA,GPU & AI Cloud,AI/HPC Energy Infrastructure (ex-crypto miner),73,"$250M+ equity plus $1.3B senior secured notes (Flash Compute JV, 2026)","Public HPC/AI data-center developer with $3.1B cash position and Fluidstack/Anthropic as anchor tenants; lean team, big capital raises."
120,Together AI,together.ai,USA,GPU & AI Cloud,Training & Inference Cloud,410 (201-500 band),$1.33B total; Series C $800M at $8.3B valuation (July 2026),"Leading open-model training/inference cloud, Aramco Ventures-backed, riding a 2.5x valuation step-up; strong global sponsorship budget."
121,Voltage Park,voltagepark.com,USA,GPU & AI Cloud,Neocloud / GPU-as-a-Service,150 (51-200 band),"$500M+ total (Navigation Fund grant, 2023); merged with Lightning AI Jan 2026, combined co valued $2.5B+",Well-funded US neocloud running 30k+ Hopper/Blackwell GPUs; not an F1 sponsor; global media reach fits GPU-cloud brand-building play.
122,Vultr,vultr.com,USA,GPU & AI Cloud,GPU/Cloud Compute Provider,395 (201-500 band),"$250M+ (incl. $2B Sixth Street financing facility, 2024)",Independent global cloud/GPU provider (185 countries) with a major debt-financed AI infrastructure buildout; no F1 tie today.
123,Xanadu,xanadu.ai,Canada,GPU & AI Cloud,Photonic Quantum Computing,355,$500M+ total cumulative (newly public: Nasdaq/TSX: XNDU),"Room-temperature photonic quantum computing pioneer, first pure-play photonic quantum company to go public; fresh public listing raises brand-visibility appetite."
124,Yondr Group,yondrgroup.com,United Kingdom,GPU & AI Cloud,Hyperscale AI Data Center Developer,312 (201-500 band),"$250M+ total (private-equity backed hyperscale developer, global footprint)",Global hyperscale data-center developer/operator building AI-ready capacity for the largest tech firms; strong brand-building profile.
125,01.AI,01.ai,China,Generative AI & Model Labs,Frontier LLM lab,150,"$300M total (Series A, 2023)","Kai-Fu Lee's frontier LLM lab (Yi models); well-capitalized, pursuing pre-IPO fundraising and international sovereign-AI deals."
126,Absci,absci.com,United States,Generative AI & Model Labs,Science AI (generative biologics),171,"$250M+ total (public co., IPO 2020 plus follow-ons)","Generative-AI biologics design platform; publicly traded but scale-up-sized team, actively seeking category-defining brand exposure."
127,AGIBOT (Zhiyuan Robotics),agibot.com,China,Generative AI & Model Labs,Robotics foundation models (humanoid),249,"$1B+ total (multiple rounds 2023-2025, backers incl. Alibaba, Meituan, BYD)","Embodied-AI foundation-model company building humanoid/quadruped robots at scale (10,000th unit shipped 2026); part of China's best-funded robotics wave."
128,AI21 Labs,ai21.com,Israel,Generative AI & Model Labs,Frontier LLM lab,230,"$636M total (Series D $300M led by Nvidia/Google, May 2025)",Long-running Israeli LLM pioneer (Jamba/Jurassic) with deep enterprise ties and marquee backers; global rebrand push after recent restructuring.
129,Anysphere (Cursor),cursor.com,United States,Generative AI & Model Labs,Frontier coding AI lab,300,"$3.27B+ total (Series D $2.3B, Nov 2025, ~$29.3B valuation)","Maker of Cursor and the in-house Composer models; one of the fastest-growing, best-funded AI labs, actively building consumer-facing brand awareness."
130,Apptronik,apptronik.com,United States,Generative AI & Model Labs,Robotics foundation models (humanoid),300,"~$1B total (Series A-X extension $520M, Feb 2026, $5B valuation)","Apollo humanoid-robot foundation-model maker backed by Google, Mercedes-Benz, Qatar Investment Authority; racing/engineering brand synergy."
131,Baichuan AI,baichuan-ai.com,China,Generative AI & Model Labs,Frontier LLM lab,150,"$1.04B total (Series A, 2024)","One of China's leading LLM labs; heavily capitalized and pushing global enterprise/consumer expansion, a fit for F1's China market ambitions."
132,Black Forest Labs,blackforestlabs.ai,Germany,Generative AI & Model Labs,Image/video generation models,126,"$330M+ total (seed $31M 2024; Series B ~$300M 2025, ~$4B valuation)",Creators of FLUX and Stable Diffusion lineage; leading European image/video foundation-model lab competing directly with much larger US labs.
133,DeepSeek,deepseek.com,China,Generative AI & Model Labs,Frontier LLM lab,190,"$7B total (first outside round, May 2026, $52B valuation; second $8B round in progress)",Globally famous open-weight frontier model maker; newly raised its first-ever external capital and is rapidly scaling headcount and global visibility.
134,Enveda Biosciences,enveda.com,United States,Generative AI & Model Labs,Science AI (chemical biology),392,"$409M+ total (Series C $130M, 2024)","AI-native natural-product drug discovery platform with a large, fast-growing team and blue-chip biotech/tech investor base."
135,Field AI,fieldai.com,United States,Generative AI & Model Labs,Robotics foundation models,298,"$405M+ total (Series A, May 2025, $2B valuation)","JPL/DARPA-founded 'general robot intelligence' foundation-model lab deployed across construction, energy and manufacturing; fast-scaling and well capitalized."
136,Generate Biomedicines,generatebiomedicines.com,United States,Generative AI & Model Labs,Science AI (protein design),325,$693M total (Series C 2024; listed Feb 2026),"Generative-AI protein design platform (Flagship Pioneering-backed), recently public, still scale-up sized and building brand recognition."
137,Genesis Molecular AI,genesis.ml,United States,Generative AI & Model Labs,Science AI (molecular foundation models),169,$300M+ total (multiple rounds through 2025),"Builds proprietary foundation models (GEMS/Pearl) for small-molecule drug design; investors include a16z, NVentures, BlackRock, T. Rowe Price."
138,H Company,hcompany.ai,France,Generative AI & Model Labs,Agentic frontier AI lab,306,$220M+ seed total (2024),"Paris-based agentic-AI foundation model lab founded by former DeepMind/Meta/OpenAI researchers; one of Europe's largest seed rounds, French GP tie-in."
139,Hippocratic AI,hippocraticai.com,United States,Generative AI & Model Labs,Voice/speech LLM (healthcare),336,$278M total (multiple rounds through 2025),"Safety-focused healthcare-specific LLM/voice-agent lab; backed by a16z, General Catalyst, Kleiner Perkins, NVentures; scaling fast toward brand-building phase."
140,Imbue,imbue.com,United States,Generative AI & Model Labs,Reasoning-focused LLM lab,83,"$232M total (Series B $200M led by Astera Institute, 2023)","Well-capitalized reasoning/agent research lab (formerly Generally Intelligent) at unicorn valuation, still small enough to want major brand lift."
141,Insilico Medicine,insilico.com,United States,Generative AI & Model Labs,Science AI (generative drug discovery),288,$500M+ total (multiple rounds through 2024; HKEX-listed 2025),"Pioneer of generative-AI drug discovery with global (US/China/HK) footprint; recently public but still scale-up-sized, seeking brand visibility."
142,Kyutai,kyutai.org,France,Generative AI & Model Labs,Voice / speech foundation models,52,"€300M / ~$330M committed funding (Iliad, CMA CGM, Schmidt Futures, founded 2023)",Leading open-science voice/multimodal lab (Moshi) backed by French shipping/telecom billionaires; strong French sponsorship-market tie-in.
143,Lila Sciences,lila.ai,United States,Generative AI & Model Labs,Science AI (autonomous labs),497,"$250M+ total (Flagship Pioneering-backed launch, 2025)","Flagship Pioneering's 'scientific superintelligence' platform for life/chem/materials science; large, richly funded lab nearing scale-up ceiling."
144,Liquid AI,liquid.ai,United States,Generative AI & Model Labs,Efficient foundation models,133,"$250M+ total (Series A, 2024-2025)",MIT-spinout foundation-model lab (Liquid Neural Networks/LFM); efficiency-and-performance engineering story pairs naturally with motorsport tech.
145,Luma AI,lumalabs.ai,United States,Generative AI & Model Labs,World / video generation models,300,"$1.07B total (Series C $900M, Nov 2025, $4B valuation)","Video/world-model lab (Dream Machine, Ray) expanding internationally (London, Riyadh) with heavy brand/advertising crossover ambitions."
146,Magic,magic.dev,United States,Generative AI & Model Labs,Frontier code LLM lab,55,"$466M total (2024, backers incl. Eric Schmidt, Atlassian, Sequoia)",Long-context frontier code-model lab (LTM architecture) targeting AGI-for-software; small elite team with large capital base looking to build brand awareness.
147,MiniMax,minimaxi.com,China,Generative AI & Model Labs,Multimodal foundation models,180,"$1.15B+ total pre-IPO, plus ~$2B raise, July 2026 (HKEX-listed Jan 2026)","Text/voice/video foundation-model group (Talkie, Hailuo) with a fresh multi-billion-dollar capital base post-IPO seeking global consumer brand relevance."
148,Moonshot AI,moonshot.cn,China,Generative AI & Model Labs,Frontier LLM lab,300,"~$2.96B total (rounds 2023-2025, incl. $1B Alibaba-led round; $35B valuation, 2026)","Maker of the Kimi model family, one of China's best-funded and fastest-growing frontier labs, actively expanding global brand presence."
149,Owkin,owkin.com,France,Generative AI & Model Labs,Science AI (biology reasoning models),427,$300M+ total (Series B $180M 2022 plus later rounds),Franco-American biology 'reasoning model' lab partnered with top hospitals; large global (US/France/UK) footprint fits F1's international calendar.
150,Periodic Labs,periodic.com,United States,Generative AI & Model Labs,Science AI (autonomous discovery),82,$300M+ seed (2025),"Ex-OpenAI/DeepMind team building AI scientists and autonomous labs for materials/chemistry; one of the largest seed rounds in AI history, high investor visibility."
151,Physical Intelligence,physicalintelligence.company,United States,Generative AI & Model Labs,Robotics foundation models,80,"$1.1B total (Series in talks up to $1B more, 2026; prior $600M round 2024)","Leading robot foundation-model lab (pi-0 models) backed by Founders Fund, Thrive, Lux, OpenAI; needs consumer-facing brand halo as it moves toward commercial robots."
152,Poolside,poolside.ai,France,Generative AI & Model Labs,Frontier code/LLM lab,155,"$626M+ total (Series B 2024; up to $1B Nvidia investment pending, 2026, $12B valuation)",Well-funded frontier model lab building foundation models for software engineering; French roots align with F1's Euro fanbase and sponsorship market.
153,Reflection AI,reflection.ai,United States,Generative AI & Model Labs,Frontier LLM / agentic AI,185,"$2.1B+ total ($2B round led by Nvidia, Oct 2025; $2.5B round March 2026, $27.5B valuation)",Open frontier-model challenger (ex-DeepMind/OpenAI team) with a huge Nvidia/SpaceX compute deal; explosive valuation growth makes it a marquee-budget prospect.
154,Replit,replit.com,United States,Generative AI & Model Labs,AI Coding Assistant (Prosumer Dev Tool),~300-350 (reports range 282-521 across sources; using conservative mid-estimate),$922M total; $400M Series D at $9B valuation (Mar 2026),"Consumer-friendly ""vibe coding"" platform with rapid mainstream adoption beyond professional developers and a $9B valuation, giving strong brand and marketing budget fit."
155,Sakana AI,sakana.ai,Japan,Generative AI & Model Labs,Multimodal / evolutionary AI,190,"$379M total (Series B, Nov 2025, $2.65B valuation)","Japan's flagship frontier AI lab (ex-Google Brain/OpenAI founders); backed by MUFG, NVIDIA, Lux; Japanese GP presence and nation-branding upside."
156,Skild AI,skild.ai,United States,Generative AI & Model Labs,Robotics foundation models,60,"$1.8B total ($1.4B round, March 2026, $15B valuation)","General-purpose robot brain / foundation model startup out of CMU, richly funded by SoftBank, Lightspeed, Coatue; motorsport-grade robotics + speed narrative fits F1."
157,StepFun,stepfun.com,China,Generative AI & Model Labs,Multimodal foundation models,150,"~$1B total (multiple rounds 2023-2025, backers incl. Alibaba, Tencent, IDG Capital)",Shanghai-based multimodal frontier-model lab (Step series) with major Chinese tech-conglomerate backing and global expansion ambitions.
158,Suno,suno.com,United States,Generative AI & Model Labs,Music generation models,300,"$775M total (Series D $400M, June 2026, $5.4B valuation)",Category-defining AI music generation lab with viral consumer reach and a huge new war chest; music + motorsport crossover is an obvious activation angle.
159,Thinking Machines Lab,thinkingmachines.ai,United States,Generative AI & Model Labs,Frontier LLM lab,150,"$2.0B total (record $2B seed, July 2025)","Mira Murati's frontier AI lab (ex-OpenAI CTO); one of the best-capitalized pre-product labs in the world, high-visibility founding team craving mainstream brand exposure."
160,Upstage,upstage.ai,South Korea,Generative AI & Model Labs,Frontier LLM lab,239,$400M+ total (Series C $120M Apr 2026 + $380.6M Korea Growth Fund investment),"Korea's first genAI unicorn and sovereign-AI LLM leader; freshly capitalized with national growth-fund backing, eyeing global brand-building."
161,Waabi,waabi.ai,Canada,Generative AI & Model Labs,Robotics / autonomy foundation models,331,"$283M+ total (Series B $200M led by Uber, May 2024)","Physical-AI/self-driving-truck foundation model lab led by Raquel Urtasun; racing-adjacent autonomy tech narrative, Canadian market entry point for F1."
162,World Labs,worldlabs.ai,United States,Generative AI & Model Labs,World / spatial models,87,"$1.23B total ($1B round led by Autodesk/Nvidia/a16z, Feb 2026)","Fei-Fei Li's spatial-intelligence/world-model lab (Marble); massive war chest, strong design/visual brand (3D world generation) well suited to trackside activation."
163,Writer,writer.com,United States,Generative AI & Model Labs,Enterprise agentic LLM lab,420,"$369M total (Series C $200M, Nov 2024, $1.9B valuation)",Builds its own full-stack LLMs for enterprise agentic work; unicorn status and enterprise reach make it a candidate for global B2B brand marketing via F1.
164,Xaira Therapeutics,xaira.com,United States,Generative AI & Model Labs,Science AI (drug discovery),204,"$1B+ total (launch round, April 2024, incl. ARCH, Sequoia, Lux, F-Prime)","One of the largest-ever science-AI launches; generative biology foundation models for drug design, flush with capital and building global visibility."
165,Alchemy,alchemy.com,USA,"Trading, Crypto & Wealth",Blockchain / Trading Infrastructure,351,"$565M total, Series C1 (2022, a16z/Lightspeed)","Core infrastructure powering Robinhood, Circle, Visa and other trading/fintech platforms; brand awareness campaign would resonate with both developer and consumer audiences."
166,Alpaca,alpaca.markets,USA,"Trading, Crypto & Wealth",Brokerage-as-a-Service / Trading API,482,$320M+ total across rounds,Global brokerage infrastructure API (9M+ accounts powered) expanding into 40+ countries — matches F1's international footprint and multi-market growth ambitions.
167,Altruist,altruist.com,USA,"Trading, Crypto & Wealth",RIA Custodian / Wealth Infrastructure,293,"$310M+ total, Series F (2025, $1.5B valuation)",Fast-growing challenger custodian for independent wealth advisors; recently raised a major round and is scaling brand visibility beyond the advisor niche.
168,Bakkt,bakkt.com,USA,"Trading, Crypto & Wealth",Crypto Trading Infrastructure,389,"$770M+ raised (incl. Series B 2021); public via SPAC 2021, ICE-backed",ICE-backed institutional crypto trading platform pivoting toward consumer-facing growth; deep-pocketed parent and public listing support a marquee sponsorship.
169,BitGo,bitgo.com,USA,"Trading, Crypto & Wealth",Crypto Custody & Infrastructure,~300 (201-500 band),$500M+ raised pre-IPO across multiple rounds; NYSE IPO 2025 (BTGO),Major institutional crypto custodian now public; needs consumer-facing brand lift to match Coinbase/Kraken's F1-driven visibility in the same custody/exchange category.
170,Blockdaemon,blockdaemon.com,USA,"Trading, Crypto & Wealth",Crypto / Blockchain Infrastructure,206,"$276M total, Series C ($207M, 2022, Sapphire Ventures/Tiger Global, $3.25B valuation)",Institutional-grade staking/custody/node infrastructure securing $110B+ in assets; well-capitalized infra player looking to build brand beyond its enterprise client base.
171,Bullish,bullish.com,Cayman Islands,"Trading, Crypto & Wealth",Crypto Derivatives Exchange,~385,"$300M+ private raise (2021, Peter Thiel/Alan Howard/Novogratz-backed) + NYSE IPO (2025)","Newly public, institutionally-regulated crypto exchange actively building global brand recognition post-IPO; sponsorship-hungry challenger to Coinbase/Kraken in the exact category already validated by F1."
172,Copper.co,copper.co,United Kingdom,"Trading, Crypto & Wealth",Crypto Custody & Prime Brokerage,260,"$246M+ total (Series C $196M, 2022, Dragonfly-led)",London-based institutional crypto custodian with deep ties to traditional finance; UK base aligns with F1's Silverstone/European core and Formula 1's own UK HQ.
173,Digital Asset,digitalasset.com,USA,"Trading, Crypto & Wealth",Market Infrastructure / DLT for Capital Markets,365,"$300M+ total across rounds (bank-consortium and VC backed incl. Goldman Sachs, Digital Currency Group; last major raise 2021)",Creator of the Canton Network powering tokenized capital markets infrastructure for major banks/exchanges; global financial-institution brand seeking wider visibility.
174,DriveWealth,drivewealth.com,USA,"Trading, Crypto & Wealth",Brokerage-as-a-Service Infrastructure,373,"$600M+ total, Series D ($450M, 2021, SoftBank Vision Fund 2)",Powers fractional-share investing for global fintechs and neobanks across 150+ countries — global infrastructure story that mirrors F1's own international broadcast reach.
175,Paxos,paxos.com,USA,"Trading, Crypto & Wealth",Stablecoin & Crypto Infrastructure,329,"$540M+ total, Series D (2021)",Regulated stablecoin/tokenization infrastructure behind PayPal USD and Global Dollar; strong balance sheet for a marquee global sponsorship play.
176,Polymarket,polymarket.com,USA,"Trading, Crypto & Wealth",Prediction Markets,~460 (50-500 band),$2B+ total — $70M Series B (2024) plus ~$2B strategic investment from Intercontinental Exchange (Oct 2025),"Fastest-growing prediction market globally, huge event-driven engagement (elections, sports, culture); F1 race-outcome and season markets are a natural fit, massive earned-media momentum post-ICE deal, no existing motorsport sponsorship footprint."
177,Stash,stash.com,USA,"Trading, Crypto & Wealth",Wealth & Investing App,242,"$347M total, Series G (2021)",Mainstream retail investing app built around accessibility/education; motorsport sponsorship would extend brand beyond core fintech marketing channels.
178,Trumid,trumid.com,USA,"Trading, Crypto & Wealth",Fixed Income / Bond Trading Platform,194,"$270M+ total (Series E $208M 2021, Series F $27M 2022; backed by BofA, Citi, Wells Fargo, TPG)",Electronic credit-trading platform backed by major banks; F1's global institutional and finance-sector audience is a strong fit for brand-building beyond Wall Street.
179,Zerohash,zerohash.com,USA,"Trading, Crypto & Wealth",Crypto Infrastructure / Embedded Trading,246,"$250M+ total, latest round 2025",White-label crypto/stablecoin trading infrastructure powering many fintech apps; B2B awareness campaign via F1 would reach both enterprise partners and end consumers.
