#,company,domain,hq_country,sector,subsector,employees_est,revenue_est,why_f1
1,ABN AMRO Bank N.V.,abnamro.com,Netherlands,Banking & Asset Management,Universal Banking,22000,€10.2B revenue (FY2024),"Major Dutch bank with an established elite sports sponsorship platform (ABN AMRO Open tennis); Netherlands has one of F1's largest per-capita fanbases (Verstappen effect), yet ABN AMRO has no F1 deal."
2,Absa Group,absa.africa,South Africa,Banking & Asset Management,Pan-African Universal Banking,40000,~US$6.5B revenue (FY2023),Major pan-African bank (12 countries) actively rebuilding global brand since its Barclays Africa spin-off.
3,Al Rajhi Bank,alrajhibank.com.sa,Saudi Arabia,Banking & Asset Management,Islamic Banking,17000,~US$8.5B revenue (FY2023),"World's largest Islamic bank, headquartered in Saudi Arabia which hosts an F1 GP and has surging motorsport investment."
4,American International Group (AIG),aig.com,United States,Banking & Asset Management,Insurance,18000,$27.4B revenue (FY2024),Global commercial insurer with a history of high-profile sports sponsorship (Manchester United shirt sponsor); no current F1 or motorsport partnership.
5,Ameriprise Financial,ameriprise.com,United States,Banking & Asset Management,Wealth Management & Insurance,11700,$16.9B revenue (FY2024),Large US wealth management and insurance group with a growing affluent-advisor client base; no existing motorsport tie.
6,ANZ Group,anz.com,Australia,Banking & Asset Management,Universal Banking,40000,~US$15B revenue (FY2023),Major Australian/NZ bank with Asia-Pacific institutional network and Melbourne GP home-market presence.
7,Arab Bank,arabbank.com,Jordan,Banking & Asset Management,Universal Banking,9800,~US$2.4B revenue (FY2023),"Largest Arab banking network spanning 600+ branches across MENA, Europe and Asia, no current F1 tie-up."
8,Assicurazioni Generali S.p.A.,generali.com,Italy,Banking & Asset Management,Insurance & Asset Management,82000,€89.8B revenue (FY2024),"One of Europe's largest insurers with a pan-European and Latin American footprint; no current F1 sponsorship despite Italy's deep motorsport culture (Ferrari, Monza)."
9,Attijariwafa Bank,attijariwafabank.com,Morocco,Banking & Asset Management,Pan-African Universal Banking,24000,~US$4.2B revenue (FY2023),"Morocco's largest bank with 25+ country pan-African/European network, a growth market for F1's African expansion."
10,Aviva plc,aviva.com,United Kingdom,Banking & Asset Management,Insurance & Asset Management,23000,£11.7B revenue (FY2024),UK's largest general insurer with a growing wealth/asset management arm (Aviva Investors); active rugby sponsor (Aviva Premiership legacy) but no current F1 tie.
11,AXA SA,axa.com,France,Banking & Asset Management,Insurance & Asset Management,145000,€112.5B revenue (FY2024),"World's largest insurance brand by brand value with global P&C and life operations; confirmed no current F1 sponsorship, leaving room for a global insurance-category deal."
12,Axis Bank,axisbank.com,India,Banking & Asset Management,Universal Banking,100000,~US$14B revenue (FY2024),Large Indian private bank with premium/priority banking segment and history of marquee sports sponsorships (cricket).
13,Banco Bilbao Vizcaya Argentaria (BBVA),bbva.com,Spain,Banking & Asset Management,Universal Banking,121000,€28.8B revenue (FY2024),"Major Spanish global bank with large Latin American operations (Mexico, South America) overlapping F1's growth markets; peer Santander already sponsors F1, making BBVA a natural competitive-response prospect."
14,Banco Bradesco S.A.,banco.bradesco,Brazil,Banking & Asset Management,Universal Banking,80000,~$35B revenue est. (FY2024),One of Brazil's largest private banks with a huge retail and insurance footprint; strong prospect for activating around the São Paulo Grand Prix.
15,Banco BTG Pactual S.A.,btgpactual.com,Brazil,Banking & Asset Management,Investment Banking & Asset Management,9000,~$5.5B revenue est. (FY2024),"Latin America's largest standalone investment bank, targeting HNW and institutional clients that overlap with F1's paddock hospitality audience; no current sponsorship."
16,"Banco de Sabadell, S.A.",bancsabadell.com,Spain,Banking & Asset Management,Retail & Commercial Banking,19000,€6.4B revenue (FY2024),Major Spanish bank with a growing UK subsidiary (TSB) and international corporate banking business; unattached to F1.
17,Bancolombia S.A.,bancolombia.com,Colombia,Banking & Asset Management,Universal Banking,34000,~$6.5B revenue est. (FY2024),Largest bank in Colombia with regional operations across Central America; unattached to F1 despite the sport's growing Latin American fanbase.
18,Bangkok Bank,bangkokbank.com,Thailand,Banking & Asset Management,Commercial & Corporate Banking,23000,~US$4.5B revenue (FY2023),"Thailand's largest bank with extensive SE Asia corporate network, positioned for brand growth as Thailand eyes an F1 race bid."
19,Bank Central Asia (BCA),bca.co.id,Indonesia,Banking & Asset Management,Retail & Commercial Banking,25000,~US$6.8B revenue (FY2023),"Indonesia's largest private bank by market cap, affluent-customer focus aligns with F1's premium fan demographic."
20,Bank Mandiri,bankmandiri.co.id,Indonesia,Banking & Asset Management,Universal Banking,39000,~US$9.5B revenue (FY2023),"Indonesia's largest bank by assets, state-owned but commercially aggressive with sports/entertainment sponsorship history."
21,Bank of America Corporation,bankofamerica.com,United States,Banking & Asset Management,Retail & Commercial Banking,213000,$101.9B revenue (FY2024),"Second-largest US bank with major sports sponsorship budget (already in golf, college sports); not on the F1 grid, giving it room to build a marquee global platform rivalling Santander's F1 presence."
22,Bank of Baroda,bankofbaroda.in,India,Banking & Asset Management,State-Owned Retail Banking,85000,~US$13B revenue (FY2024),"Large Indian public-sector bank with significant international branch network across the F1 footprint (UAE, Africa, Asia)."
23,Bank of Montreal (BMO),bmo.com,Canada,Banking & Asset Management,Universal Banking,55000,C$32.7B revenue (FY2024),Canada's oldest bank with growing US operations (BMO Harris) and no F1 or top-tier motorsport partnership.
24,Bank Rakyat Indonesia (BRI),bri.co.id,Indonesia,Banking & Asset Management,Retail & Microfinance Banking,120000,~US$12.0B revenue (FY2023),Massive Indonesian retail franchise seeking premium brand halo to complement its mass-market microfinance image.
25,"BlackRock, Inc.",blackrock.com,United States,Banking & Asset Management,Asset Management,21000,$20.4B revenue (FY2024),"World's largest asset manager with a global institutional and retail (iShares) brand; not on the F1 grid despite peers in banking/insurance sponsoring teams, making it a top-tier prospect for a global partnership."
26,BNP Paribas,bnpparibas.com,France,Banking & Asset Management,Universal Banking,183000,€48.2B revenue (FY2024),"Eurozone's largest bank with an extensive global sponsorship portfolio (tennis Masters, rugby); F1 remains a white-space opportunity given the sport's growing European audience."
27,"CaixaBank, S.A.",caixabank.com,Spain,Banking & Asset Management,Universal Banking,40000,€11.7B revenue (FY2024),"Spain's largest domestic bank by assets with a strong retail brand; no current motorsport sponsorship despite Spain hosting two F1 races (Barcelona, Madrid from 2026)."
28,Canara Bank,canarabank.com,India,Banking & Asset Management,State-Owned Retail Banking,82000,~US$13B revenue (FY2024),Top-5 Indian public-sector bank with large retail footprint and rising digital/premium ambitions.
29,China Merchants Bank,cmbchina.com,China,Banking & Asset Management,Retail & Commercial Banking,110000,~US$50B revenue (FY2023),"China's leading commercial (non state-policy) bank, dominant in premium/private wealth banking for affluent Chinese."
30,Chubb Limited,chubb.com,Switzerland,Banking & Asset Management,Insurance,40000,$54.1B revenue (FY2024),"World's largest publicly traded P&C insurer, HQ'd in Zurich with major US operations, serving the HNW and corporate clients that populate F1 paddock hospitality; no current motorsport sponsorship."
31,CIBC (Canadian Imperial Bank of Commerce),cibc.com,Canada,Banking & Asset Management,Universal Banking,48000,C$24.3B revenue (FY2024),Major Canadian bank with growing US commercial banking and capital markets business; no existing motorsport sponsorship.
32,CIMB Group,cimb.com,Malaysia,Banking & Asset Management,Universal Banking,34000,~US$5.4B revenue (FY2023),Pan-ASEAN bank with youth-skewed digital banking arm (CIMB Octo) that fits F1's younger fan-growth narrative.
33,CITIC Bank,citicbank.com,China,Banking & Asset Management,Universal Banking,58000,~US$27B revenue (FY2023),Commercially oriented arm of CITIC Group with corporate and premium banking focus and global expansion goals.
34,Citigroup Inc.,citigroup.com,United States,Banking & Asset Management,Global Banking & Wealth Management,229000,$81.1B revenue (FY2024),Global consumer and institutional bank present in over 90 markets — matches F1's international footprint and client base of affluent/private-bank customers; not currently an F1 partner.
35,Commerzbank AG,commerzbank.com,Germany,Banking & Asset Management,Corporate & Retail Banking,37000,€10.7B revenue (FY2024),Major German corporate and retail bank with a strong SME/Mittelstand client base; no existing motorsport sponsorship despite Germany hosting F1 power-unit manufacturers.
36,Commonwealth Bank of Australia (CBA),commbank.com.au,Australia,Banking & Asset Management,Retail & Commercial Banking,49000,~US$18B revenue (FY2023),"Australia's largest bank by market cap, home-market tie to the Australian GP with no current motorsport sponsorship."
37,Crédit Agricole Group,credit-agricole.com,France,Banking & Asset Management,Universal Banking,76000,€39.9B revenue (FY2024),One of the world's largest cooperative banking groups with major asset management (Amundi) and insurance arms; unattached to F1 despite France hosting the Alpine works team.
38,Dai-ichi Life Holdings,dai-ichi-life-hd.com,Japan,Banking & Asset Management,Life Insurance,55000,~US$45B revenue (FY2023),"Global life insurance group (Japan, US, Asia) with growing international brand ambitions and no F1 presence."
39,Danske Bank A/S,danskebank.com,Denmark,Banking & Asset Management,Universal Banking,22000,DKK 46.9B revenue (FY2024),Largest bank in Denmark with Nordic-wide retail and corporate operations; no existing motorsport sponsorship.
40,DBS Bank,dbs.com,Singapore,Banking & Asset Management,Universal Banking,41000,~US$10.8B total income (FY2023),Singapore GP host-nation bank; premium/private-banking brand with heavy APAC wealth-management push and existing large-event sponsorship appetite.
41,Deutsche Bank AG,db.com,Germany,Banking & Asset Management,Universal & Investment Banking,90000,€30.1B revenue (FY2024),"Germany's largest bank and a global investment bank; peer UniCredit is already on the F1 grid, leaving Deutsche Bank as a clear competitive-response prospect in home market of two F1 power units (Mercedes, Audi)."
42,DNB Bank ASA,dnb.no,Norway,Banking & Asset Management,Universal Banking,14000,NOK 68.6B revenue (FY2024),Norway's largest financial services group with significant asset management and shipping/energy finance operations; unattached to F1.
43,Emirates NBD,emiratesnbd.com,UAE,Banking & Asset Management,Universal Banking,30000,~US$9.6B revenue (FY2023),"Dubai's flagship bank in the F1 host city, MENAT-wide footprint, no current F1 sponsorship despite regional peers active in motorsport."
44,Erste Group Bank AG,erstegroup.com,Austria,Banking & Asset Management,Universal Banking,47000,€9.8B revenue (FY2024),"Leading Central and Eastern European banking group headquartered in Vienna, covering high-growth CEE markets; no current F1 or motorsport sponsorship."
45,Fidelity Investments,fidelity.com,United States,Banking & Asset Management,Asset Management & Brokerage,76000,~$29B revenue est. (FY2024),"Privately held asset management giant ($5T+ AUM) with a strong US retail investor brand and no current motorsport sponsorship, well suited to F1's growing US audience."
46,First Abu Dhabi Bank (FAB),bankfab.com,UAE,Banking & Asset Management,Corporate & Investment Banking,17000,~US$8.4B revenue (FY2023),"UAE's largest bank by assets, headquartered in Abu Dhabi GP's home city; distinct from Mubadala's existing GP sponsorship."
47,FirstRand,firstrand.co.za,South Africa,Banking & Asset Management,Universal Banking,45000,~US$7.5B revenue (FY2023),"Leading South African financial group (FNB, RMB) with strong premium/private client brand and pan-African expansion."
48,Franklin Resources (Franklin Templeton),franklintempleton.com,United States,Banking & Asset Management,Asset Management,9500,$8.1B revenue (FY2024),Global asset manager with operations across the Americas and Europe matching F1's race markets; no existing motorsport sponsorship.
49,Grupo Financiero Banorte,banorte.com,Mexico,Banking & Asset Management,Universal Banking,32000,~$7B revenue est. (FY2024),"Mexico's largest domestically-owned banking group, based in the host city of the Mexico City Grand Prix; no current F1 sponsorship."
50,Hana Financial Group,hanafn.com,South Korea,Banking & Asset Management,Universal Banking / Financial Group,26000,~US$15B revenue (FY2023),Major Korean financial group with global card and wealth businesses seeking premium international visibility.
51,Hang Seng Bank,hangseng.com,Hong Kong,Banking & Asset Management,Retail & Commercial Banking,9500,~US$4.5B revenue (FY2023),Hong Kong's leading local bank with premium wealth-management arm and strong home-grown brand equity.
52,HDFC Bank,hdfcbank.com,India,Banking & Asset Management,Retail & Commercial Banking,213000,~US$28B revenue (FY2024),India's largest private bank post HDFC-Ltd merger; premium card/wealth arm targets exactly the audience F1 draws in India.
53,HSBC Holdings plc,hsbc.com,United Kingdom,Banking & Asset Management,Universal Banking,213000,$65.9B revenue (FY2024),"World's largest Europe-headquartered bank with a genuinely global branch network mirroring F1's calendar (Asia, Middle East, Americas, Europe); no current F1 sponsorship despite deep sports marketing history (golf, rugby sevens)."
54,ICICI Bank,icicibank.com,India,Banking & Asset Management,Universal Banking,140000,~US$20B revenue (FY2024),"Top-tier Indian private bank with strong premium credit-card and wealth franchise, no existing motorsport tie."
55,ING Group,ing.com,Netherlands,Banking & Asset Management,Universal Banking,60000,€22.5B revenue (FY2024),"Pan-European retail and wholesale bank with strong digital brand recognition; motorsport-marketing precedent (cycling, other series) but no current F1 tie."
56,Intesa Sanpaolo S.p.A.,intesasanpaolo.com,Italy,Banking & Asset Management,Universal Banking,95000,€25.5B revenue (FY2024),"Italy's largest bank by assets; direct domestic peer UniCredit already sponsors F1 (Ferrari's home market), positioning Intesa Sanpaolo as a strong competitive-response candidate."
57,Invesco Ltd.,invesco.com,United States,Banking & Asset Management,Asset Management,8000,$5.9B revenue (FY2024),Global investment manager (QQQ ETF sponsor) with a consumer-facing brand and international office network; unattached to motorsport.
58,Itaú Unibanco Holding S.A.,itau.com.br,Brazil,Banking & Asset Management,Universal Banking,96000,~$41B revenue est. (FY2024),"Largest bank in Latin America, headquartered in São Paulo — F1's home Brazilian Grand Prix market — with no current F1 sponsorship despite heavy sports marketing spend domestically."
59,JPMorgan Chase & Co.,jpmorganchase.com,United States,Banking & Asset Management,"Global Banking, Markets & Asset Management",309900,$177.6B revenue (FY2024),"Largest US bank by assets; deep-pocketed global brand competing directly with F1 sponsors Goldman Sachs, UBS and Barclays yet currently absent from the grid — strong white-space prospect for a global hospitality/brand campaign targeting HNW and corporate banking clients."
60,Julius Baer Group Ltd.,juliusbaer.com,Switzerland,Banking & Asset Management,Private Banking & Wealth Management,7300,CHF 3.4B revenue (FY2024),"Pure-play Swiss private bank serving UHNW clients — precisely F1's paddock club demographic; peer UBS already sponsors F1 (Mercedes), positioning Julius Baer as a wealth-management competitive-response candidate."
61,Kasikornbank (KBank),kasikornbank.com,Thailand,Banking & Asset Management,Universal Banking,19000,~US$5.0B revenue (FY2023),Digitally-forward Thai bank with strong youth/affluent segment focus and no current global motorsport sponsorship.
62,KB Financial Group,kbfg.com,South Korea,Banking & Asset Management,Universal Banking / Financial Group,26000,~US$18B revenue (FY2023),"Korea's largest financial holding company, aggressively globalizing brand with card/wealth arms fit for F1 audiences."
63,KeyCorp,key.com,United States,Banking & Asset Management,Retail & Commercial Banking,17000,$6.65B revenue (FY2024),US super-regional bank with a growing corporate banking business and no existing motorsport sponsorship.
64,Kotak Mahindra Bank,kotak.com,India,Banking & Asset Management,Universal Banking,85000,~US$7B revenue (FY2024),Premium-positioned Indian private bank/wealth manager with affluent-client focus that fits F1's demographic.
65,Krung Thai Bank,ktb.co.th,Thailand,Banking & Asset Management,State-Linked Commercial Banking,19000,~US$4.0B revenue (FY2023),Major Thai state-linked bank with nationwide retail reach and rising international ambitions.
66,Kuwait Finance House (KFH),kfh.com,Kuwait,Banking & Asset Management,Islamic Banking,8600,~US$6.4B revenue (FY2023),"Leading global Islamic bank (post Ahli United merger) with expanding GCC, Turkey and Malaysia footprint."
67,Life Insurance Corporation of India (LIC),licindia.in,India,Banking & Asset Management,Life Insurance,100000,~US$100B gross premium income (FY2024),"India's dominant, sovereign-backed life insurer with enormous scale seeking modern, premium brand association."
68,Lloyds Banking Group plc,lloydsbankinggroup.com,United Kingdom,Banking & Asset Management,Retail & Commercial Banking,60000,£17.9B revenue (FY2024),"UK's largest retail and commercial bank; unattached to F1 despite seven of the ten F1 teams being UK-based, giving Lloyds a home-market activation opportunity."
69,M&T Bank Corporation,mtb.com,United States,Banking & Asset Management,Retail & Commercial Banking,22000,$9.1B revenue (FY2024),Northeast US super-regional bank with a large commercial banking franchise; unattached to any current motorsport series.
70,Macquarie Group,macquarie.com,Australia,Banking & Asset Management,Asset Management & Investment Banking,20000,~US$14B revenue (FY2024),Global investment bank/asset manager headquartered in Sydney with infrastructure investments in motorsport-adjacent assets.
71,Manulife Financial Corporation,manulife.com,Canada,Banking & Asset Management,Insurance & Asset Management,38000,C$64.4B revenue (FY2024),"Global insurer and asset manager (Manulife/John Hancock) with operations across Canada, the US and Asia; active in sports sponsorship (NBA Raptors) but absent from F1."
72,Mapfre S.A.,mapfre.com,Spain,Banking & Asset Management,Insurance,34000,€28.5B revenue (FY2024),"Spain's largest insurer with operations across Europe and Latin America; active in motorsport sponsorship at a lower tier (MotoGP's Aspar Team) but has no current F1 deal, suggesting genuine category interest."
73,Maybank,maybank.com,Malaysia,Banking & Asset Management,Universal Banking,44000,~US$6.8B revenue (FY2023),Largest Malaysian banking group with ASEAN-wide retail and premium banking footprint seeking global brand elevation.
74,"MetLife, Inc.",metlife.com,United States,Banking & Asset Management,Insurance & Asset Management,45000,$69.6B revenue (FY2024),"One of the world's largest life insurers with global operations across the Americas, Europe and Asia; strong sports sponsorship history (NFL, MetLife Stadium) but no current F1 presence."
75,Mitsubishi UFJ Financial Group (MUFG),mufg.jp,Japan,Banking & Asset Management,Universal Banking / Financial Group,170000,~US$45B revenue (FY2023),Japan's largest financial group with global corporate/investment banking reach and Japanese GP home-market tie-in.
76,Mizuho Financial Group,mizuhogroup.com,Japan,Banking & Asset Management,Universal Banking / Financial Group,54000,~US$28B revenue (FY2023),Major Japanese megabank with global investment banking ambitions and home-market Japanese GP link.
77,Morgan Stanley,morganstanley.com,United States,Banking & Asset Management,Investment Banking & Wealth Management,80000,$61.8B revenue (FY2024),"Premier wealth management and investment bank with a UHNW client base overlapping F1's paddock/hospitality audience; direct peer Goldman Sachs is already an F1 sponsor, leaving Morgan Stanley as a live competitive prospect."
78,MS&AD Insurance Group,ms-ad-hd.com,Japan,Banking & Asset Management,General Insurance,40000,~US$38B revenue (FY2023),Japan's largest P&C insurance group with sizable overseas operations and motorsport-adjacent risk/mobility products.
79,Munich Re (Münchener Rück),munichre.com,Germany,Banking & Asset Management,Reinsurance,44000,€59.1B revenue (FY2024),World's largest reinsurer with a global institutional and corporate client base; no current F1 or major motorsport sponsorship despite German motorsport heritage.
80,National Australia Bank (NAB),nab.com.au,Australia,Banking & Asset Management,Business & Commercial Banking,36000,~US$14B revenue (FY2023),Leading Australian business bank with strong corporate hospitality culture fit for F1 sponsorship activation.
81,National Bank of Kuwait (NBK),nbk.com,Kuwait,Banking & Asset Management,Universal Banking,11000,~US$5.5B revenue (FY2023),Kuwait's largest bank with GCC-wide network and strong premium/private banking arm.
82,Nationwide Building Society,nationwide.co.uk,United Kingdom,Banking & Asset Management,Retail Banking,18000,£3.2B total income (FY2024),"UK's largest building society and a major sports sponsor (England football); pivoting its brand toward younger, digitally-engaged savers — a demographic overlap with F1's post-Drive to Survive fanbase."
83,NatWest Group plc,natwestgroup.com,United Kingdom,Banking & Asset Management,Retail & Commercial Banking,60000,£14.8B revenue (FY2024),"Major UK bank rebuilding its brand post state-ownership exit, with a strong existing sports sponsorship platform (Six Nations rugby); F1's UK-heavy team base is untapped."
84,Nedbank Group,nedbank.co.za,South Africa,Banking & Asset Management,Universal Banking,28000,~US$4.5B revenue (FY2023),"Top-5 South African bank with premium/private wealth arm and history of high-profile sports sponsorships (golf, rugby)."
85,Nippon Life Insurance,nissay.co.jp,Japan,Banking & Asset Management,Life Insurance,71000,~US$60B revenue (FY2023),Japan's largest life insurer with huge sales-agent workforce and global brand-building push (incl. US MassMutual stake).
86,Nomura Holdings,nomura.com,Japan,Banking & Asset Management,Investment Banking & Securities,28000,~US$14B revenue (FY2023),Japan's leading global investment bank/broker with HNW client base overlapping F1's premium hospitality audience.
87,Nordea Bank Abp,nordea.com,Finland,Banking & Asset Management,Universal Banking,29000,€10.3B revenue (FY2024),"Largest financial services group in the Nordics with operations across Sweden, Denmark, Norway and Finland; unattached to F1 despite strong Nordic motorsport fandom (Bottas, Räikkönen legacy)."
88,Northern Trust Corporation,northerntrust.com,United States,Banking & Asset Management,Wealth & Asset Management,24000,$7.4B revenue (FY2024),"Wealth management-focused bank serving UHNW families and institutions; F1 hospitality is a natural fit for its client entertainment strategy, and it has no existing motorsport partnership."
89,OCBC Bank,ocbc.com,Singapore,Banking & Asset Management,Universal Banking,32000,~US$9.6B total income (FY2023),Singapore GP host-nation bank targeting regional premium/wealth clients; strong brand-building budget and no existing motorsport tie-up.
90,Ping An Bank,bank.pingan.com,China,Banking & Asset Management,Retail & Commercial Banking,40000,~US$22B revenue (FY2023),"Commercially-run Chinese bank (Ping An Group subsidiary) targeting affluent retail clients, distinct from state megabanks."
91,Ping An Insurance Group,pingan.com,China,Banking & Asset Management,Diversified Insurance & Financial Group,330000,~US$160B revenue (FY2023),"China's largest private insurer/fintech conglomerate, commercially driven with global brand ambitions unlike state banks."
92,Principal Financial Group,principal.com,United States,Banking & Asset Management,Insurance & Asset Management,19000,$14.2B revenue (FY2024),"Global retirement, insurance and asset management group with operations in the Americas, Europe and Asia; naming-rights sponsor of Principal Park and Principal Charity Classic, showing sports-marketing appetite but no F1 presence."
93,Prudential Financial,prudential.com,United States,Banking & Asset Management,Insurance & Asset Management,40000,$66.4B revenue (FY2024),"Major US life insurer and asset manager (PGIM) with global operations; distinct from UK's Prudential plc, unattached to F1 and to any other current racing series."
94,Public Bank Berhad,pbebank.com,Malaysia,Banking & Asset Management,Retail & Commercial Banking,19000,~US$3.1B revenue (FY2023),Malaysia's most profitable bank with strong retail/SME base and regional expansion ambitions untapped by motorsport marketing.
95,Punjab National Bank,pnbindia.in,India,Banking & Asset Management,State-Owned Retail Banking,100000,~US$12B revenue (FY2024),Major Indian public-sector bank with vast retail base and government push for higher brand recognition.
96,Qatar National Bank (QNB),qnb.com,Qatar,Banking & Asset Management,Universal Banking,28000,~US$16B revenue (FY2023),"Largest bank in the Middle East/Africa by assets, extensive MENA/Europe network, no current F1 partnership."
97,QBE Insurance Group,qbe.com,Australia,Banking & Asset Management,General Insurance,13000,~US$16B gross written premium (FY2023),Global specialty/commercial insurer headquartered in Sydney with corporate risk products relevant to motorsport.
98,Rabobank,rabobank.com,Netherlands,Banking & Asset Management,Cooperative & Wholesale Banking,43000,€14.9B revenue (FY2024),Large Dutch cooperative bank with global food & agri banking franchise; no current motorsport sponsorship despite Dutch Grand Prix's huge orange-army following.
99,Riyad Bank,riyadbank.com,Saudi Arabia,Banking & Asset Management,Universal Banking,7700,~US$4.2B revenue (FY2023),Major Saudi bank benefiting from the Kingdom's F1/motorsport investment wave via Saudi Arabian GP and Aramco ties.
100,Royal Bank of Canada (RBC),rbc.com,Canada,Banking & Asset Management,Universal Banking,94000,C$56.1B revenue (FY2024),"Canada's largest bank by market cap with major existing sports sponsorship (RBC Heritage golf, Team Canada); not currently on the F1 grid despite RBC's high-visibility motorsport-adjacent marketing style."
101,Saudi National Bank (SNB),alahli.com,Saudi Arabia,Banking & Asset Management,Universal Banking,12000,~US$7.3B revenue (FY2023),"Saudi Arabia's largest bank by assets (post NCB-Samba merger), state-adjacent but distinct from STC/PIF sponsorships."
102,Scotiabank (Bank of Nova Scotia),scotiabank.com,Canada,Banking & Asset Management,Universal Banking,90000,C$32.7B revenue (FY2024),"Canada's most internationally diversified bank with strong Latin American operations, mirroring F1's Americas expansion (Mexico City, Miami, Las Vegas, São Paulo); unattached to F1."
103,Shinhan Financial Group,shinhangroup.com,South Korea,Banking & Asset Management,Universal Banking / Financial Group,30000,~US$17B revenue (FY2023),Top Korean financial group with global ambitions and history of high-profile sports/culture sponsorships.
104,Siam Commercial Bank (SCB X),scb.co.th,Thailand,Banking & Asset Management,Universal Banking,20000,~US$4.7B revenue (FY2023),"Thailand's oldest bank, actively rebranding as tech-forward SCBX group seeking premium global visibility."
105,Skandinaviska Enskilda Banken (SEB),seb.se,Sweden,Banking & Asset Management,Corporate & Private Banking,17000,SEK 47.8B revenue (FY2024),Leading Nordic corporate and private bank serving large corporates and wealthy families; no current F1 sponsorship.
106,Société Générale,societegenerale.com,France,Banking & Asset Management,Universal Banking,119000,€26.6B revenue (FY2024),Major French universal bank with global corporate and investment banking operations; no current F1 or top motorsport sponsorship.
107,Standard Bank Group,standardbank.com,South Africa,Banking & Asset Management,Pan-African Universal Banking,51000,~US$8.5B revenue (FY2023),"Africa's largest bank by assets across 20 countries, distinct from Standard Chartered, unmatched African reach for F1."
108,State Bank of India (SBI),bank.sbi,India,Banking & Asset Management,State-Owned Universal Banking,235000,~US$60B revenue (FY2024),"World's largest state-owned bank by branches, huge scale and growing global brand ambitions."
109,State Street Corporation,statestreet.com,United States,Banking & Asset Management,Custody Banking & Asset Management,46000,$12.9B revenue (FY2024),"Global custody bank and owner of the SPDR ETF brand; large institutional client base and global offices align with F1's international calendar, with no current racing sponsorship."
110,Sumitomo Mitsui Financial Group (SMBC),smfg.co.jp,Japan,Banking & Asset Management,Universal Banking / Financial Group,110000,~US$40B revenue (FY2023),Top-3 Japanese megabank with large global wealth/corporate banking arm and appetite for international brand campaigns.
111,Sun Life Financial Inc.,sunlife.com,Canada,Banking & Asset Management,Insurance & Asset Management,22000,C$27.5B revenue (FY2024),"Global financial services group spanning insurance and asset management (SLC Management, MFS); no current motorsport tie despite broad international presence."
112,Swiss Re AG,swissre.com,Switzerland,Banking & Asset Management,Reinsurance,15000,$46.3B revenue (FY2024),World's second-largest reinsurer with a global institutional client base of insurers and banks that overlaps heavily with F1's corporate hospitality guest list; no current motorsport sponsorship.
113,T. Rowe Price Group,troweprice.com,United States,Banking & Asset Management,Asset Management,7600,$6.98B revenue (FY2024),Global active asset manager with a strong retail and institutional brand seeking younger investor engagement — an audience F1 has proven adept at reaching via Drive to Survive.
114,TD Bank Group,td.com,Canada,Banking & Asset Management,Universal Banking,95000,C$52.2B revenue (FY2024),Major North American retail/commercial bank with a large US East Coast footprint (TD Bank) and no current F1 sponsorship.
115,The Charles Schwab Corporation,schwab.com,United States,Banking & Asset Management,Brokerage & Wealth Management,32000,$19.7B revenue (FY2024),"Largest US retail brokerage/custodian; targets a self-directed investor demographic that skews toward F1's growing US fanbase post-Drive to Survive, with no existing motorsport tie-in."
116,The PNC Financial Services Group,pnc.com,United States,Banking & Asset Management,Retail & Commercial Banking,56000,$21.5B revenue (FY2024),"Top-10 US bank by assets with a large commercial/corporate client base and heavy existing sports sponsorship spend (PNC Park), signalling openness to marquee sponsorships like F1."
117,The Travelers Companies,travelers.com,United States,Banking & Asset Management,Insurance,30000,$46.4B revenue (FY2024),Major US commercial/personal lines insurer with a strong golf sponsorship platform (Travelers Championship); could extend premium sports marketing into F1's global audience.
118,The Vanguard Group,vanguard.com,United States,Banking & Asset Management,Asset Management,20000,~$8B operating revenue est. (FY2024),Second-largest global asset manager (~$9T AUM) with a mass-affluent retail investor base; no current motorsport sponsorship despite BlackRock-scale marketing budget.
119,Tokio Marine Holdings,tokiomarinehd.com,Japan,Banking & Asset Management,General Insurance,41000,~US$45B revenue (FY2023),"Global P&C insurer (owns HCC, Philadelphia Insurance) with worldwide corporate client base suited to F1 hospitality."
120,Truist Financial Corporation,truist.com,United States,Banking & Asset Management,Retail & Commercial Banking,40000,$23.2B revenue (FY2024),"Large Southeastern US super-regional bank actively investing in brand-building post-merger (SunTrust/BB&T); F1's expanding US race calendar (Miami, Austin, Vegas) fits its regional footprint."
121,U.S. Bancorp,usbank.com,United States,Banking & Asset Management,Retail & Commercial Banking,70000,$27.7B revenue (FY2024),"Fifth-largest US bank by assets with national retail and payments franchise; unattached to any F1 team or race, giving it a clean opportunity in a growing US market."
122,Union Bank of India,unionbankofindia.co.in,India,Banking & Asset Management,State-Owned Retail Banking,75000,~US$11B revenue (FY2024),Large Indian public-sector bank expanding brand presence as India's F1 fanbase and Grand Prix ambitions grow.
123,United Overseas Bank (UOB),uobgroup.com,Singapore,Banking & Asset Management,Universal Banking,29000,~US$8.3B total income (FY2023),"ASEAN-wide private bank based in the Singapore GP host market, actively expanding premium card and wealth segments."
124,Wells Fargo & Company,wellsfargo.com,United States,Banking & Asset Management,Retail & Commercial Banking,215000,$82.6B revenue (FY2024),"Large US retail/commercial bank rebuilding its brand image; motorsport sponsorship (it already backs NASCAR) suggests appetite for high-visibility racing marketing, and it holds no current F1 deal."
125,Westpac Banking Corporation,westpac.com.au,Australia,Banking & Asset Management,Retail & Commercial Banking,35000,~US$14B revenue (FY2023),"One of Australia's big-four banks, Melbourne (Australian GP) home-market presence and premium banking segment."
126,Woori Financial Group,woorifg.com,South Korea,Banking & Asset Management,Universal Banking / Financial Group,18000,~US$12B revenue (FY2023),One of Korea's big-four financial groups expanding overseas banking and card operations.
127,Zurich Insurance Group AG,zurich.com,Switzerland,Banking & Asset Management,Insurance,60000,$68.9B revenue (FY2024),"One of the world's largest multi-line insurers, headquartered in Switzerland (home of the McLaren, Sauber-Audi and Alpine team bases nearby); no current F1 sponsorship despite an active global sports portfolio (Chelsea FC, golf)."
128,Airbnb,airbnb.com,US,Big Tech & Consumer Internet,Travel & Hospitality Platform,7000,Revenue ~$11.1B (2024),Not an F1 sponsor; race-weekend housing demand spikes make Airbnb a natural official-accommodation partner for host cities and hospitality packages.
129,Apple,apple.com,US,Big Tech & Consumer Internet,Consumer Hardware & Software,164000,Revenue ~$391B (FY2024),"Not on the 2026 F1 sponsor roster; deep pockets, global halo brand, growing sports/streaming ambitions (Apple TV+, MLS) make a marquee F1 tie-in plausible."
130,Applied Materials,appliedmaterials.com,US,Big Tech & Consumer Internet,Semiconductor Equipment,34000,Revenue ~$27.2B (FY2024),Not an F1 sponsor; large-cap chip-equipment leader with brand-awareness incentive to reach global engineering/STEM audiences via F1.
131,ASML Holding,asml.com,Netherlands,Big Tech & Consumer Internet,Semiconductor Lithography Equipment,44000,Revenue ~€28.3B (2024),Not an F1 sponsor; Dutch chip-equipment titan with a natural home-market tie-in to the Dutch GP and Max Verstappen fandom.
132,Baidu,baidu.com,China,Big Tech & Consumer Internet,"AI, Search & Autonomous Driving",30000,Revenue ~$18.9B (2024),Not an F1 sponsor; AI/autonomous-driving R&D narrative pairs naturally with elite motorsport engineering.
133,Booking Holdings,bookingholdings.com,US,Big Tech & Consumer Internet,Online Travel Platform,22000,Revenue ~$23.7B (2024),Not an F1 sponsor; race-weekend travel surges across host cities make an official travel-booking partner a strong strategic fit.
134,Canva,canva.com,Australia,Big Tech & Consumer Internet,Design SaaS,18400,Revenue ~$2.3B ARR (2024),"Verified 18,391 employees, comfortably clearing the bar; not an F1 sponsor; creative-content tooling fits team media/marketing departments."
135,Coupang,coupang.com,South Korea,Big Tech & Consumer Internet,E-commerce & Logistics,90000,Revenue ~$30.0B (2024),Not an F1 sponsor; South Korea's dominant e-commerce platform with scale well above threshold via its logistics workforce.
136,Delivery Hero,deliveryhero.com,Germany,Big Tech & Consumer Internet,Food Delivery Platform,50000,Revenue ~€10.9B (2024),"Not an F1 sponsor; one of the largest global delivery platforms (foodpanda, Talabat) spanning many F1 host markets."
137,eBay,ebay.com,US,Big Tech & Consumer Internet,E-commerce Marketplace,10000,Revenue ~$10.3B (2024),"Not an F1 sponsor; motorsport memorabilia/collectibles category is already a large eBay vertical, giving an organic sponsorship hook."
138,Epic Games,epicgames.com,US,Big Tech & Consumer Internet,Gaming & Metaverse (Fortnite / Unreal Engine),11900,"Revenue ~$6.0B est. (2023, last disclosed)","Verified above 6,000 employees (was mistakenly assumed smaller); Unreal Engine already powers sim-racing/broadcast graphics, and Fortnite's Gen-Z reach overlaps F1's younger fanbase drive."
139,Expedia Group,expediagroup.com,US,Big Tech & Consumer Internet,Online Travel Platform,18000,Revenue ~$13.7B (2024),Not an F1 sponsor; direct competitor angle to Booking.com for the same travel-partner opportunity across the F1 calendar.
140,Flipkart Group,flipkart.com,India,Big Tech & Consumer Internet,"E-commerce (incl. Myntra, Cleartrip)",95000,Revenue ~$8.0B est. (FY2024),Not an F1 sponsor; Walmart-backed e-commerce giant targeting India's rapidly growing F1 fanbase and sports-sponsorship spend.
141,GoTo Group,gotocompany.com,Indonesia,Big Tech & Consumer Internet,"Ride-hail, E-commerce & Fintech (Gojek/Tokopedia)",17800,Revenue ~$1.0B est. (2024),Not an F1 sponsor; Indonesia's largest tech group with a fast-growing motorsport fanbase and no current F1 presence.
142,Grab Holdings,grab.com,Singapore,Big Tech & Consumer Internet,"Superapp (Ride-hail, Delivery, Fintech)",11000,Revenue ~$2.8B (2024),Not an F1 sponsor; Southeast Asia's leading superapp with regional sports-sponsorship ambitions and Singapore GP proximity.
143,JD.com,jd.com,China,Big Tech & Consumer Internet,E-commerce & Logistics,520000,Revenue ~$158B (2024),Not an F1 sponsor; logistics scale and China-market reach make it a plausible supply-chain/e-commerce partner.
144,Kuaishou Technology,kuaishou.com,China,Big Tech & Consumer Internet,Short Video & Livestreaming,20000,Revenue ~$16.9B (2024),Not an F1 sponsor; short-form video/livestream reach is a strong complement to F1's social-first fan-growth strategy.
145,LG Electronics,lg.com,South Korea,Big Tech & Consumer Internet,Consumer Electronics,74000,"Revenue ~$66B (2024, KRW-converted)",Not an F1 sponsor; displays/broadcast-tech portfolio align with trackside screens and fan-experience tech.
146,LY Corporation,lycorp.co.jp,Japan,Big Tech & Consumer Internet,Internet & Messaging (LINE / Yahoo! Japan),18000,Revenue ~$5.8B (FY2024),Not an F1 sponsor; Japan's largest internet platform (LINE reaches ~90% of Japan) fits the Japanese GP market.
147,Marvell Technology,marvell.com,US,Big Tech & Consumer Internet,Semiconductors / Data Infrastructure,11800,Revenue ~$5.5B (FY2025),Not an F1 sponsor; high-speed data/connectivity chips align with F1's massive trackside-to-cloud telemetry pipelines.
148,Meituan,meituan.com,China,Big Tech & Consumer Internet,Local Services & Delivery Platform,100000,Revenue ~$43B (2024),Not an F1 sponsor; dominant China local-services platform with brand incentive to build global lifestyle association.
149,Micron Technology,micron.com,US,Big Tech & Consumer Internet,Semiconductors (Memory & Storage),48000,Revenue ~$25.1B (FY2024),Not an F1 sponsor; memory/storage demand from onboard data logging and simulation workloads is a plausible technical-partner story.
150,NetEase,netease.com,China,Big Tech & Consumer Internet,Gaming & Internet Services,30000,Revenue ~$14.3B (2024),"Not an F1 sponsor; verified well above 6,000 employees; major gaming publisher with esports/broadcast infrastructure."
151,Netflix,netflix.com,US,Big Tech & Consumer Internet,Streaming & Media,14000,Revenue ~$39.0B (2024),Owns the Drive to Survive halo effect that reignited US F1 interest but is not a paying sponsor/partner; natural next step from content deal to on-car/paddock branding.
152,Nvidia,nvidia.com,US,Big Tech & Consumer Internet,AI Computing & Semiconductors,36000,"Revenue ~$130.5B (FY2025, ended Jan 2025)","Verified NOT on the current F1 global partner list; GPU/AI compute and simulation tech are a natural fit for race strategy, aero CFD and fan-data storylines."
153,OpenAI,openai.com,US,Big Tech & Consumer Internet,AI Research & Products,10500,"Revenue ~$12B ARR run-rate (2025); verified employee count 10,492 (Clay/LinkedIn 2026)","Not an F1 sponsor and now verified well above the 6,000-employee bar; AI copilots for strategy, fan engagement and broadcast are on-trend for a headline tech sponsorship."
154,Paytm (One97 Communications),paytm.com,India,Big Tech & Consumer Internet,Digital Payments & Fintech,31000,Revenue ~$620M (FY2024),"Not an F1 sponsor; India's most recognized fintech brand, historically active in cricket sponsorship and open to motorsport expansion."
155,PhonePe,phonepe.com,India,Big Tech & Consumer Internet,Digital Payments & Fintech,20000,Revenue ~$530M (FY2024),Not an F1 sponsor; India's largest UPI payments app with 700M+ users and growing global-sports marketing appetite.
156,Rakuten Group,rakuten.co.jp,Japan,Big Tech & Consumer Internet,"E-commerce, Fintech & Mobile",32000,Revenue ~$16.8B (2024),"Not an F1 sponsor; proven top-tier sports sponsor (Barcelona FC, Golden State Warriors) with an open motorsport lane."
157,Samsung Electronics,samsung.com,South Korea,Big Tech & Consumer Internet,Consumer Electronics & Semiconductors,270000,Revenue ~$208B (2024),Not an F1 sponsor; global consumer-electronics scale and device/chip portfolio fit a marquee technology-partner slot.
158,Sea Limited,sea.com,Singapore,Big Tech & Consumer Internet,"E-commerce (Shopee), Gaming (Garena) & Fintech",67000,Revenue ~$13.1B (2024),Not an F1 sponsor; SEA's largest internet conglomerate spanning three verticals with strong regional sports-marketing budgets.
159,Sony Group,sony.com,Japan,Big Tech & Consumer Internet,"Consumer Electronics, Gaming & Entertainment",113000,Revenue ~$85B (FY2024),Not a current F1 series sponsor; PlayStation/gaming and camera/broadcast tech businesses both have natural motorsport tie-ins.
160,Spotify,spotify.com,Sweden,Big Tech & Consumer Internet,Audio Streaming,9800,Revenue ~$15.7B (2024),"Not an F1 sponsor; podcasts/playlists around motorsport fandom and driver content are a strong audience overlap with F1's younger, global demographic."
161,Swiggy,swiggy.com,India,Big Tech & Consumer Internet,Food Delivery & Quick Commerce,29000,Revenue ~$1.6B (FY2024),Not an F1 sponsor; recently IPO'd Indian consumer-internet major competing directly with Zomato for premium sports visibility.
162,Take-Two Interactive,take2games.com,US,Big Tech & Consumer Internet,Video Games (Rockstar/2K/Zynga),11500,Revenue ~$5.6B (FY2024),"Not an F1 sponsor (no exclusive F1 licensing conflict, unlike EA Sports F1); gaming audience crossover appeal."
163,Texas Instruments,ti.com,US,Big Tech & Consumer Internet,Semiconductors (Embedded/Analog),34000,Revenue ~$15.6B (2024),Not an F1 sponsor; embedded/analog chips power sensors and ECUs relevant to race-car electronics.
164,Trip.com Group,trip.com,China,Big Tech & Consumer Internet,Online Travel Platform,33000,Revenue ~RMB53.4B / ~$7.5B (2024),Not an F1 sponsor; China's largest OTA with strong outbound-travel ambitions tied to F1's growing Chinese GP audience.
165,Uber,uber.com,US,Big Tech & Consumer Internet,Mobility & Delivery Platform,33000,Revenue ~$44.0B (2024),Not an F1 sponsor; global ride-hail/delivery brand with race-weekend logistics and fan-transport tie-in potential across F1's host cities.
166,Ubisoft,ubisoft.com,France,Big Tech & Consumer Internet,Video Games,18000,Revenue ~€2.1B (FY2024),Not an F1 sponsor; France hosts a major F1-adjacent gaming/esports market and Ubisoft has no competing racing-title exclusivity with F1.
167,Wayfair,wayfair.com,US,Big Tech & Consumer Internet,E-commerce (Home Goods),12000,Revenue ~$11.9B (2024),Not an F1 sponsor; large US-based consumer internet brand seeking mainstream sports visibility to broaden demographic reach.
168,Xiaomi,mi.com,China,Big Tech & Consumer Internet,Consumer Electronics & EVs,42000,Revenue ~$41.9B (2024),"Not an F1 sponsor; newly entered the EV/performance-car market (SU7), giving fresh motorsport-marketing motivation."
169,Zalando,zalando.com,Germany,Big Tech & Consumer Internet,Fashion E-commerce,15000,Revenue ~€10.6B (2024),Not an F1 sponsor; Europe's largest online fashion platform with lifestyle-brand ambitions that could extend to team merchandise/apparel tie-ins.
170,Zomato (Eternal Ltd),zomato.com,India,Big Tech & Consumer Internet,Food Delivery & Quick Commerce,26000,Revenue ~$1.4B (FY2024),Not an F1 sponsor; India's leading food-delivery platform with an aggressive brand-marketing playbook targeting F1's new India audience.
171,Akamai Technologies,akamai.com,United States,Cybersecurity & Networking,Edge/Network Security & CDN,10619,Public (NASDAQ: AKAM); revenue ~$3.99B FY2024,Powers/secures large-scale live streaming and content delivery; natural fit for F1's global broadcast and fan-app infrastructure story.
172,Amdocs,amdocs.com,Israel,Cybersecurity & Networking,Telecom Network Software & Security,34462,Public (NASDAQ: DOX); revenue ~$5.0B FY2024,"Powers and secures 5G/network operations for the world's largest telcos; deep pockets and no current F1 footprint, strong Israel-market spread."
173,Atos Group (Eviden),atos.net,France,Cybersecurity & Networking,Cybersecurity Products & Mission-Critical Systems,56000,Public (Euronext Paris: ATO); revenue ~€7.2B FY2024,Self-described European #1 in cybersecurity via its Eviden brand; a former Olympics IT partner now seeking a new flagship sports platform post-restructuring.
174,BAE Systems (Digital Intelligence),baesystems.com,United Kingdom,Cybersecurity & Networking,Cyber & Digital Intelligence / Defense Electronics,93000,Public (LSE: BA.); revenue ~£26.3B FY2024,"UK's largest defense/cyber group with a dedicated Digital Intelligence cyber arm; strong precision-engineering brand fit, no current F1 tie."
175,Booz Allen Hamilton,boozallen.com,United States,Cybersecurity & Networking,Cyber & IT Consulting (defense/intelligence),37256,Public (NYSE: BAH); revenue ~$12.0B FY2025,Major cyber-mission consultancy actively rebranding toward commercial/AI markets; F1 offers a high-visibility platform outside its traditional government-buyer base.
176,BT Group (BT Security),bt.com,United Kingdom,Cybersecurity & Networking,Telecom & Managed Cybersecurity Services,123000,Public (LSE: BT.A); revenue ~£20.8B FY2024,"One of the UK's largest network/security operators; several F1 teams are UK-based, offering strong local activation and paddock access potential."
177,CACI International,caci.com,United States,Cybersecurity & Networking,Cyber & Intelligence IT Services (government),27000,Public (NYSE: CACI); revenue ~$7.7B FY2025,Fortune 500 national-security technology integrator with strong cash generation; well outside current motorsport sponsor rosters.
178,Check Point Software Technologies,checkpoint.com,Israel,Cybersecurity & Networking,Network & Cloud Security,8574,Public (NASDAQ: CHKP); revenue ~$2.5B FY2024,Global enterprise security brand seeking differentiation from CrowdStrike/Palo Alto; F1's real-time telemetry and global data-center footprint story fits its threat-prevention narrative.
179,Ciena Corporation,ciena.com,United States,Cybersecurity & Networking,Optical & Packet Networking Equipment,10607,Public (NYSE: CIEN); revenue ~$4.03B FY2024,"Backbone connectivity vendor for the AI/bandwidth era; F1's data-heavy, low-latency telemetry story is a strong brand match with no current motorsport presence."
180,Cloudflare,cloudflare.com,United States,Cybersecurity & Networking,Network & Application Security (Connectivity Cloud),8355,Public (NYSE: NET); revenue ~$1.67B FY2024,"Now well past the 6,000-employee bar; brand built on speed and global network resilience aligns closely with F1's performance-under-pressure positioning."
181,Ericsson,ericsson.com,Sweden,Cybersecurity & Networking,Telecom Network Equipment,90000,Public (STO/NASDAQ: ERIC); revenue ~SEK 249.7B (~$23B) FY2024,Global 5G/network infrastructure leader with enormous enterprise marketing spend; direct peer set to telecom sponsors already active in premium motorsport.
182,"F5, Inc.",f5.com,United States,Cybersecurity & Networking,Application Delivery & Security,6219,Public (NASDAQ: FFIV); revenue ~$2.82B FY2024,"Crosses the 6,000-employee bar; strong enterprise app-security brand looking to build consumer/exec visibility outside its traditional IT-buyer audience."
183,Fortinet,fortinet.com,United States,Cybersecurity & Networking,Network Security Platform (firewalls/SASE),16497,Public (NASDAQ: FTNT); revenue ~$5.96B FY2024,"Largest pure-play network security vendor by volume, massive global enterprise/SOC marketing budget, direct peer of CrowdStrike/Palo Alto who already sponsor F1 teams."
184,Kyndryl Holdings,kyndryl.com,United States,Cybersecurity & Networking,IT Infrastructure & Security Services,61541,Public (NYSE: KD); revenue ~$16.98B FY2025 (ended Mar 2025),Spun off from IBM in 2021 and actively rebuilding brand identity; dedicated Security & Resiliency practice fits F1's mission-critical-systems narrative.
185,Leidos,leidos.com,United States,Cybersecurity & Networking,IT & Cybersecurity Services (defense/intelligence),47000,Public (NYSE: LDOS); revenue ~$17.2B FY2025 (ended Jan 2026),"Top-tier US government cyber/IT integrator with large marketing and recruiting budgets; unrepresented in motorsport, strong data/engineering brand fit."
186,ManTech International,mantech.com,United States,Cybersecurity & Networking,Cyber & IT Services (defense/intelligence),10447,Private (Carlyle Group); revenue est. ~$3.5B FY2024,"Nearly 60-year-old cyber/national-security integrator with 9,000+ staff; unattached to any motorsport program and pushing brand modernization."
187,Motorola Solutions,motorolasolutions.com,United States,Cybersecurity & Networking,Public Safety Tech & Cybersecurity Services,28436,Public (NYSE: MSI); revenue ~$10.8B FY2024,Mission-critical comms/security vendor with strong free cash flow and race-control/security-operations relevance; not currently in motorsport sponsorship.
188,NEC Corporation,nec.com,Japan,Cybersecurity & Networking,"Network Equipment & Cybersecurity (biometrics, telecom infra)",105000,Public (TSE: 6701); revenue ~¥3.4T (~$23B) FY2024,"Japanese networking/security conglomerate (submarine cables, biometric security, telecom infra) seeking Western brand visibility; ties naturally to the Japan GP."
189,Nokia Corporation,nokia.com,Finland,Cybersecurity & Networking,Telecom Network Equipment,86000,Public (HEL/NYSE: NOKIA); revenue ~€19.2B FY2024,Tier-1 global network infrastructure vendor with a massive marketing budget and no F1 presence; strong connectivity/data narrative for trackside and broadcast tech.
190,OpenText,opentext.com,Canada,Cybersecurity & Networking,Information Management & Cybersecurity,22866,Public (NASDAQ/TSX: OTEX); revenue ~$5.8B FY2024,"Large, cash-generative enterprise software/security vendor with a global customer base and no existing marquee sports sponsorship platform."
191,Orange S.A. (Orange Cyberdefense),orange.com,France,Cybersecurity & Networking,Telecom & Managed Cybersecurity Services,127000,Public (Euronext Paris: ORA); revenue ~€40.3B FY2024,Orange Cyberdefense is one of Europe's largest MSSPs; parent telecom group has the scale and marketing budget for a top-tier motorsport deal.
192,Peraton,peraton.com,United States,Cybersecurity & Networking,Cyber & National Security Services,13585,Private (Veritas Capital); revenue est. ~$7B FY2024,Large privately-held cyber/intel contractor investing heavily in brand awareness beyond the federal buyer community.
193,SAIC,saic.com,United States,Cybersecurity & Networking,IT & Cybersecurity Services (government),24000,Public (NASDAQ: SAIC); revenue ~$7.4B FY2025,Large-cap government cyber/IT integrator with growth ambitions in commercial-adjacent branding; no current motorsport sponsorship.
194,Singtel,singtel.com,Singapore,Cybersecurity & Networking,Telecom & Cybersecurity/IT Services (NCS),23000,Public (SGX: Z74); revenue ~SGD 14.9B FY2024,Singapore hosts an F1 night race; Singtel's NCS cyber/IT-services arm gives a strong regional activation story and no current sponsorship overlap.
195,Sopra Steria,soprasteria.com,France,Cybersecurity & Networking,IT & Cybersecurity Services,57000,Public (Euronext Paris: SOP); revenue ~€5.8B FY2024,Major European digital-services group with a growing cybersecurity practice and no marquee global sports platform.
196,Telefónica (Telefónica Tech),telefonica.com,Spain,Cybersecurity & Networking,Telecom & Cybersecurity/IoT Services,104000,Public (BME: TEF); revenue ~€40.6B FY2024,"Telefónica Tech is a fast-growing dedicated cyber/cloud/IoT unit; Spain hosts a Grand Prix, giving a natural home-market activation angle."
197,Telstra (Telstra Purple),telstra.com,Australia,Cybersecurity & Networking,Telecom & Cybersecurity Services,29000,Public (ASX: TLS); revenue ~AU$23.0B FY2024,Australia hosts the season-opening Melbourne GP; Telstra's Purple cyber-services arm and network scale make it a natural regional sponsor candidate.
198,Thales Group,thalesgroup.com,France,Cybersecurity & Networking,Cyber & Digital (incl. Imperva) / Defense Electronics,81000,Public (Euronext Paris: HO); revenue ~€20.6B FY2024,European cyber & digital-identity leader (owns Imperva) with deep aerospace/defense-grade engineering credibility that mirrors F1's precision-engineering story.
199,Trend Micro (TrendAI),trendmicro.com,Japan,Cybersecurity & Networking,Enterprise/Cloud & AI Security,8048,Public (TSE: 4704); revenue ~$1.6B FY2024,"Japan-headquartered global cyber vendor without an F1 presence; growing AI-security push benefits from F1's tech-forward global audience, incl. Japan GP tie-in."
200,Unisys Corporation,unisys.com,United States,Cybersecurity & Networking,IT Security & Enterprise Computing,23433,Public (NYSE: UIS); revenue ~$2.03B FY2024,150-year-old technology brand (Stealth security suite) with global enterprise reach and no current motorsport sponsorship.
201,World Wide Technology (WWT),wwt.com,United States,Cybersecurity & Networking,Network & Cybersecurity Solutions Integrator,10486,Private; revenue est. ~$20B FY2024,One of the largest privately-held network/security integrators globally with a dedicated Global Cyber practice; no existing marquee sports platform.
202,Zscaler,zscaler.com,United States,Cybersecurity & Networking,Cloud Security / Zero Trust (SSE),9079,Public (NASDAQ: ZS); revenue ~$2.17B FY2024,High-growth SaaS security vendor with aggressive brand-building spend; zero-trust/low-latency network story maps well to F1's real-time race data operations.
203,Adobe,adobe.com,USA,Enterprise Software & Data,Creative & Digital Experience Software,29000,Revenue ~$21.5B FY2024 (public),Massive global marketing/creative software budget and a creative-storytelling brand angle; not currently in the F1 paddock despite deep ties to sports/entertainment marketing teams that are F1's exact buyer persona.
204,ADP,adp.com,USA,Enterprise Software & Data,HR / Payroll Cloud Software,64000,Revenue ~$19.2B FY2024 (public),Global HR-tech leader competing directly with F1 sponsor Workday and UKG; scale and marketing budget make it a strong prospect to counter-position against rivals already in the paddock.
205,Alibaba Group,alibabagroup.com,China,Enterprise Software & Data,Cloud Computing & Enterprise Technology,200000,Revenue ~RMB 996B (~$137B) FY2024 (public),Alibaba Cloud is one of the largest global cloud/enterprise-tech providers and a major APAC brand seeking international sports marketing (following Olympics sponsorship); no current F1 team deal.
206,Autodesk,autodesk.com,USA,Enterprise Software & Data,Design & Engineering Software,14000,Revenue ~$5.5B FY2024 (public),"Design/simulation software is directly relevant to car engineering narratives (CAD, generative design) that F1 teams and fans care about; strong natural content fit, not currently sponsoring."
207,AVEVA (Schneider Electric),aveva.com,United Kingdom,Enterprise Software & Data,Industrial / Engineering Software,6500,Revenue ~£1.4B (~$1.8B) FY2024 (parent-reported),"Industrial software brand under Schneider Electric aiming to raise standalone visibility; engineering-simulation narrative aligns with F1 factory/operations content, no current sponsorship."
208,Broadcom Inc.,broadcom.com,USA,Enterprise Software & Data,Enterprise Infrastructure Software & Semiconductors,37000,Revenue ~$51.6B FY2024 (public),"Owner of VMware and a top-tier infrastructure software/semis supplier with enormous marketing capacity; peers like Cisco/Dell/HPE are motorsport-active, Broadcom is not yet in F1."
209,Cadence Design Systems,cadence.com,USA,Enterprise Software & Data,Semiconductor / EDA Software,12700,Revenue ~$4.6B FY2024 (public),Direct competitor/peer to Synopsys in EDA; large enterprise marketing budget aimed at engineering audiences that overlap heavily with F1 fandom; not sponsoring any team currently.
210,Capgemini,capgemini.com,France,Enterprise Software & Data,IT Consulting & Systems Integration,340000,Revenue ~€22.1B (~$24B) FY2024 (public),"One of the largest global IT consulting/systems integration firms with a strong European base; comparable scale to F1-sponsor peers (Cognizant, DXC) but currently unsponsored."
211,Cloud Software Group,cloud.com,USA,Enterprise Software & Data,"Enterprise & Cloud Application Software (Citrix, TIBCO)",9481,"Revenue ~$4B est. FY2024 (private, Vista/Elliott-owned)","Owner of Citrix and TIBCO, both enterprise-workspace and integration software leaders; comparable to F1-sponsor Atlassian in developer/enterprise tooling reach, currently unsponsored."
212,Dassault Systèmes,3ds.com,France,Enterprise Software & Data,PLM / 3D Design Software,24000,Revenue ~€6.2B (~$6.7B) FY2024 (public),"3DEXPERIENCE/CATIA are used across motorsport and automotive engineering; natural 'virtual twin' storyline for car development, currently absent from the grid."
213,Databricks,databricks.com,USA,Enterprise Software & Data,Data & AI Platform,16418,"Revenue run-rate ~$3B 2024 est. (private, Series J)","One of the best-funded private data/AI companies globally with aggressive brand-building; F1's real-time telemetry and AI storyline is a natural platform showcase, currently unsponsored."
214,Datadog,datadoghq.com,USA,Enterprise Software & Data,Cloud Observability & Monitoring,10752,Revenue ~$2.68B FY2024 (public),"Observability platform whose real-time monitoring pitch mirrors F1 telemetry/operations use cases directly; strong content synergy, not currently sponsoring any team."
215,DocuSign,docusign.com,USA,Enterprise Software & Data,Agreement / e-Signature Cloud,7100,Revenue ~$2.9B FY2024 (public),Ubiquitous enterprise agreement-cloud brand seeking renewed growth narrative around its Intelligent Agreement Management platform; unclaimed in F1 sponsorship.
216,Equifax,equifax.com,USA,Enterprise Software & Data,Credit & Data Analytics,24000,Revenue ~$5.7B FY2024 (public),"Major global data and analytics company rebuilding brand trust post-breach; large-scale sports sponsorship could support reputation and awareness goals, unclaimed in F1 today."
217,Equinix,equinix.com,USA,Enterprise Software & Data,Data Center / Cloud Interconnection,13000,Revenue ~$8.7B FY2024 (public),"World's largest neutral data-center/interconnection operator; global colocation footprint pairs naturally with F1's international race calendar and low-latency data needs, unsponsored today."
218,Experian,experianplc.com,United Kingdom/Ireland,Enterprise Software & Data,Credit & Data Analytics,22000,"Revenue ~$7.2B FY2024 (ending Mar 2024, public)",Global consumer/business data and credit analytics giant with a UK heritage close to F1's Silverstone/Home teams; no current F1 sponsorship despite scale rivaling sponsors like S&P peers.
219,FIS (Fidelity National Information Services),fisglobal.com,USA,Enterprise Software & Data,Banking & Capital Markets Software,55000,Revenue ~$10.1B FY2024 (public),"Massive fintech infrastructure provider to global banks; comparable scale to sponsors like Oracle/HP, with an unclaimed opportunity to reach F1's finance-heavy hospitality audience."
220,Fiserv,fiserv.com,USA,Enterprise Software & Data,Financial Services Technology / Payments Software,41000,Revenue ~$20.2B FY2024 (public),"Global payments and banking technology giant (Clover, First Data) with the scale of current F1 sponsors like Mastercard/Visa but no team deal of its own."
221,Fujitsu,fujitsu.com,Japan,Enterprise Software & Data,IT Services & Enterprise Software,124000,Revenue ~¥3.7T (~$24B) FY2024 (public),Major global IT services/enterprise software company (Uvance digital transformation platform) with a strong Japan/APAC growth push and no current motorsport sponsorship.
222,HCLTech,hcltech.com,India,Enterprise Software & Data,IT Services & Engineering Software,223000,Revenue ~$13.3B FY2024 (public),Large global IT/engineering services company with deep automotive/engineering R&D outsourcing practice directly relevant to F1 team operations; currently no sponsorship presence.
223,HubSpot,hubspot.com,USA,Enterprise Software & Data,CRM / Marketing Cloud Software,8700,Revenue ~$2.6B FY2024 (public),"Fast-growing CRM/marketing platform aiming upmarket into enterprise, competing indirectly with Salesforce (a current F1 sponsor); F1 offers a high-visibility platform to build enterprise credibility."
224,Infor (Koch Industries),infor.com,USA,Enterprise Software & Data,Industry Cloud ERP Software,17000,"Revenue ~$3.4B est. 2023 (Koch-owned, private)","Backed by Koch Industries' balance sheet, Infor competes directly with SAP/Oracle/Workday (all current F1 sponsors) yet has no F1 presence of its own — an obvious competitive-parity pitch."
225,Infosys,infosys.com,India,Enterprise Software & Data,IT Services & Enterprise Software,317000,Revenue ~$18.7B FY2024 (public),"Global IT services and digital consulting leader (Infosys Cobalt cloud, AI) with strong brand ambitions in Europe and North America; no current F1 sponsorship despite comparable scale to rivals in the sport."
226,Intuit,intuit.com,USA,Enterprise Software & Data,Fintech / Accounting Software,18000,Revenue ~$16.3B FY2024 (public),"Consumer-facing fintech brand (QuickBooks, TurboTax, Mailchimp) with large ad budgets and SMB-to-enterprise ambitions; no current F1 presence unlike payment-adjacent rivals in the grid."
227,Jack Henry & Associates,jackhenry.com,USA,Enterprise Software & Data,Core Banking Software,8542,Revenue ~$2.2B FY2024 (public),Core banking/fintech software provider to thousands of US banks and credit unions seeking broader brand awareness beyond its core market; no motorsport presence today.
228,MongoDB,mongodb.com,USA,Enterprise Software & Data,Database Platform,8049,Revenue ~$1.68B FY2024 (public),"Developer-first database brand seeking enterprise credibility at scale; F1's global tech-audience reach fits its enterprise sales expansion, no existing motorsport sponsorship."
229,Moody's Corporation,moodys.com,USA,Enterprise Software & Data,"Ratings, Data & Analytics",15000,Revenue ~$6.9B FY2024 (public),"Global ratings/analytics leader with deep enterprise and government relationships; F1's international executive reach fits its brand-visibility goals, currently untapped."
230,NICE Ltd,nice.com,Israel,Enterprise Software & Data,CX / Contact Center Software,14266,Revenue ~$2.7B FY2024 (public),Global leader in AI-powered customer experience software competing with F1 sponsor Genesys; strong case for a counter-sponsorship given comparable scale and no current F1 deal.
231,Nutanix,nutanix.com,USA,Enterprise Software & Data,Hyperconverged / Hybrid Cloud Infrastructure,10012,Revenue ~$2.15B FY2024 (public),"Hybrid-cloud infrastructure competitor to VMware/Dell with global enterprise ambitions; no current F1 presence despite rivals (Dell, HPE) being motorsport-active."
232,Paychex,paychex.com,USA,Enterprise Software & Data,HR / Payroll Cloud Software,16000,Revenue ~$5.3B FY2024 (public),"Large US HR/payroll SaaS provider serving SMB-to-enterprise clients; no current sports sponsorship at this scale, and F1 offers a premium brand-building platform."
233,Rackspace Technology,rackspace.com,USA,Enterprise Software & Data,Managed Cloud Services,6907,Revenue ~$2.9B FY2024 (public),"Enterprise cloud/AI operations provider repositioning its brand post-turnaround; F1 sponsorship would be a high-visibility relaunch vehicle, currently absent from the sport."
234,RELX Group,relx.com,United Kingdom,Enterprise Software & Data,Data Analytics & Scientific/Professional Information,40000,Revenue ~£9.4B (~$11.9B) FY2024 (public),"One of the largest global data-analytics and information companies (LexisNexis, Elsevier); UK-headquartered scale peer to F1 sponsors, but not currently sponsoring."
235,S&P Global,spglobal.com,USA,Enterprise Software & Data,Financial Data & Ratings,40000,Revenue ~$14.2B FY2024 (public),One of the largest financial data/analytics companies in the world with an audience overlap to F1's finance-sector hospitality guests; no current F1 sponsorship.
236,Sage Group,sage.com,United Kingdom,Enterprise Software & Data,SME ERP / Accounting Cloud Software,11000,Revenue ~£2.2B (~$2.8B) FY2024 (public),"UK-headquartered enterprise software major with global SME reach; has previously sponsored other sports and would gain from F1's business-audience TV numbers, currently unsponsored in F1."
237,Samsung SDS,samsungsds.com,South Korea,Enterprise Software & Data,IT Services & Cloud (Samsung Group),13000,Revenue ~₩13.1T (~$9.5B) FY2024 (public),"Samsung Group's enterprise IT/cloud arm with global logistics, cloud and AI platform ambitions; leverages Samsung's brand scale without a dedicated F1 presence today."
238,Shopify,shopify.com,Canada,Enterprise Software & Data,E-commerce Cloud Platform,8300,Revenue ~$8.9B FY2024 (public),Major global commerce-cloud platform with strong consumer brand recognition and enterprise merchant ambitions; no current motorsport sponsorship despite scale.
239,Snowflake,snowflake.com,USA,Enterprise Software & Data,Cloud Data Platform,12618,"Revenue ~$3.6B FY2025 (ending Jan 2025, public)","AI Data Cloud leader already sponsoring LA28/Team USA, showing appetite for marquee sports sponsorship; F1's global data-driven fanbase is a strong extension, no F1 deal yet."
240,SS&C Technologies,ssctech.com,USA,Enterprise Software & Data,Financial Services & Healthcare Software,27000,Revenue ~$5.8B FY2024 (public),Major fund administration and fintech SaaS provider with global institutional clients and substantial free cash flow for brand investment; no current F1 tie.
241,Tata Consultancy Services,tcs.com,India,Enterprise Software & Data,IT Services & Digital Transformation,600000,Revenue ~$29B FY2024 (public),World's largest IT services company by market cap with a huge global enterprise client base; India's growing motorsport fanbase and TCS's marathon-sponsorship history make F1 a logical next step.
242,Tencent Holdings,tencent.com,China,Enterprise Software & Data,Cloud Computing & Enterprise Software,108000,Revenue ~RMB 660B (~$91B) FY2024 (public),"Tencent Cloud and Tencent's enterprise software suite (WeCom) target global enterprise clients; F1's strong China market growth strategy is a natural entry point, currently unsponsored."
243,Thomson Reuters,thomsonreuters.com,Canada,Enterprise Software & Data,Information & Professional Software,26000,Revenue ~$6.8B FY2024 (public),"Global information services and software company (legal, tax, media) with strong AI-driven growth narrative and large marketing budget; no current motorsport presence."
244,Toast,toasttab.com,USA,Enterprise Software & Data,Restaurant / Hospitality Cloud Software,7849,Revenue ~$4.96B FY2024 (public),"Fast-growing vertical SaaS + fintech platform for restaurants; F1's global hospitality/paddock club ecosystem is a natural vertical-marketing tie-in, currently untapped."
245,Twilio,twilio.com,USA,Enterprise Software & Data,Customer Engagement / CPaaS Cloud,7770,Revenue ~$4.46B FY2024 (public),Leading communications/customer-engagement API platform reaching enterprise developers globally; no current F1 tie despite direct relevance to fan-engagement technology use cases.
246,Veeam Software,veeam.com,USA/Switzerland,Enterprise Software & Data,"Data Backup, Resilience & Ransomware Recovery",7436,"Revenue (ARR) ~$1.7B 2024 (private, Insight Partners-backed)","Fast-growing data-resilience vendor protecting Fortune 500s; 'data protection at race pace' is an easy F1 narrative, and it is not currently in any team's sponsor portfolio."
247,Verisk Analytics,verisk.com,USA,Enterprise Software & Data,Risk Data & Analytics,9000,Revenue ~$2.9B FY2024 (public),"Global risk-data and analytics leader (insurance, climate) with strong margins and brand-investment capacity; not present in motorsport sponsorship despite data-analytics being core to F1's own storytelling."
248,Wipro,wipro.com,India,Enterprise Software & Data,IT Services & Consulting,230000,Revenue ~$10.5B FY2024 (public),Major global IT services and digital transformation provider seeking premium brand differentiation against larger peers; no current F1 or major motorsport sponsorship.
249,Wix.com,wix.com,Israel,Enterprise Software & Data,Website Building / SaaS Platform,7154,Revenue ~$1.78B FY2024 (public),"Global SMB-to-enterprise website/app platform with strong brand marketing DNA (heavy Super Bowl-style ad spend); F1 sponsorship would extend that playbook internationally, currently absent."
250,Zoom Communications,zoom.us,USA,Enterprise Software & Data,Video & Collaboration Cloud,7800,"Revenue ~$4.5B FY2025 (ending Jan 2025, public)",Globally recognized collaboration brand expanding into AI-driven enterprise workflows; strong global fan overlap with F1 audiences and no current sponsorship.
251,AIA Group,aia.com,Hong Kong,"Markets, Exchanges & Consumer Finance",Pan-Asian Insurance & Wealth,23000,"Revenue (TWPI) ~$18bn (2024, HKEX:1299)","The largest independent pan-Asian life insurer, operating across 18 markets that closely track F1's Asian calendar expansion (Singapore, China, Japan, and future markets); strong digital-health/insurtech push underway."
252,Binance,binance.com,Cayman Islands (Global),"Markets, Exchanges & Consumer Finance",Cryptocurrency Exchange,8000,"Revenue est. ~$12-16bn (2023, private)","The world's largest crypto exchange by volume; rivals OKX, Crypto.com, eToro and Kraken all hold F1 deals, leaving Binance as the most prominent global crypto brand still absent from the grid."
253,Bloomberg L.P.,bloomberg.com,United States,"Markets, Exchanges & Consumer Finance","Financial Data, Terminal & Media",21000,"Revenue ~$13.5bn (2024 est., private)","The dominant financial-data terminal and news brand for trading desks worldwide; Bloomberg already covers F1 team valuations and races editorially, making a sponsorship a natural extension of its market-and-motorsport crossover content."
254,Capital One Financial Corporation,capitalone.com,United States,"Markets, Exchanges & Consumer Finance",Consumer Credit Cards & Banking,59000,"Revenue ~$47.5bn (2024, NYSE:COF; now including Discover post-May 2025 merger)","A top-5 US card issuer (and now parent of Discover following its 2025 acquisition) with an aggressive consumer marketing culture; no current F1 tie despite deep experiential-sponsorship history (e.g., college sports, arenas)."
255,Deutsche Börse Group,deutsche-boerse.com,Germany,"Markets, Exchanges & Consumer Finance",Exchange / Market Infrastructure & Clearing,11000,"Revenue ~€5.6bn (2024, public/XETRA:DB1)","Operator of Eurex, Clearstream and Xetra; a natural fit for F1's German Grand Prix heritage and Mercedes/Red Bull fan bases, and it has no existing F1 partnership to conflict with."
256,DTCC (Depository Trust & Clearing Corporation),dtcc.com,United States,"Markets, Exchanges & Consumer Finance",Post-Trade / Clearing & Settlement Infrastructure,7667,"Revenue ~$2.3bn (2023 est., industry-owned/private)",Processes trillions in daily securities transactions for the entire US market; a premium sponsorship gives this normally low-profile market-plumbing giant rare global brand exposure to complement its B2B financial-institution relationships.
257,FactSet Research Systems,factset.com,United States,"Markets, Exchanges & Consumer Finance",Investment Research & Analytics Platform,15327,"Revenue ~$2.2bn (FY2024, NYSE:FDS)","A core analytics platform for 200,000+ investment professionals; global motorsport sponsorship would help FactSet build brand awareness outside its buy-side/sell-side niche as it competes with Bloomberg and Refinitiv/LSEG."
258,Franklin Templeton (Franklin Resources),franklinresources.com,United States,"Markets, Exchanges & Consumer Finance",Global Asset Management,11352,"Revenue ~$8.4bn (FY2024, NYSE:BEN)",A truly global asset manager with offices across 30+ countries mirroring F1's international calendar; actively expanding into digital assets (Franklin Crypto) and alternative distribution channels.
259,Intercontinental Exchange (ICE),theice.com,United States,"Markets, Exchanges & Consumer Finance",Exchange / Market Infrastructure,13000,"Revenue ~$9.3bn (2024, NYSE:ICE)",Owner of NYSE and major derivatives/mortgage-tech infrastructure; ICE competes directly with roster member Nasdaq for brand visibility and has consistently used sports sponsorship to build retail-investor awareness in North America.
260,Jefferies Financial Group,jefferies.com,United States,"Markets, Exchanges & Consumer Finance",Investment Banking & Capital Markets,8460,"Revenue ~$7bn (FY2024, NYSE:JEF)","An independent global investment bank with 40+ offices worldwide, well-capitalized and expanding aggressively; sponsorship would be a distinctive move to differentiate from larger bulge-bracket rivals."
261,LPL Financial Holdings,lpl.com,United States,"Markets, Exchanges & Consumer Finance",Independent Broker-Dealer / Wealth Platform,14926,"Revenue ~$11.3bn (2024, Nasdaq:LPLA)","The largest independent broker-dealer network in the US, supporting ~29,000 advisors; sponsorship would build direct consumer brand recognition beyond its advisor-facing B2B model."
262,LSEG (London Stock Exchange Group),lseg.com,United Kingdom,"Markets, Exchanges & Consumer Finance",Exchange / Market Infrastructure & Data,26000,"Revenue ~£8.6bn (2024, public/LSE:LSEG)","UK-headquartered market infrastructure giant (exchanges, Refinitiv data, clearing) with global brand ambitions and a London base close to F1's commercial HQ; F1's affluent, data-hungry fanbase overlaps with LSEG's institutional and retail investor audience."
263,Mercado Libre,mercadolibre.com,Argentina (LatAm),"Markets, Exchanges & Consumer Finance",Super-App with Fintech Arm (Mercado Pago),69740,"Revenue ~$21bn (2024, Nasdaq:MELI)","LatAm's dominant e-commerce and fintech super-app; Mercado Pago is one of the region's largest digital wallets, and F1's growing LatAm footprint (Mexico City, São Paulo, Miami) is a direct strategic match."
264,Morningstar,morningstar.com,United States,"Markets, Exchanges & Consumer Finance",Investment Research & Ratings,12021,"Revenue ~$2.3bn (2024, Nasdaq:MORN)","A household name among retail and advisor investors for fund ratings; F1's growing retail-investor-aged fan demographic (younger, digitally engaged) matches Morningstar's push to reach self-directed investors globally."
265,MSCI Inc.,msci.com,United States,"Markets, Exchanges & Consumer Finance",Index Provider & ESG/Risk Analytics,8143,"Revenue ~$2.75bn (2024, NYSE:MSCI)",Provider of the world's most widely tracked equity indices; a global sponsorship platform aligns with MSCI's institutional-to-brand-recognition ambitions and its expansion into private markets and climate data.
266,SoFi Technologies,sofi.com,United States,"Markets, Exchanges & Consumer Finance","Digital Banking, Lending & Investing",6788,"Revenue ~$2.6bn (2024, Nasdaq:SOFI)","A fast-growing US neobank/investing app targeting young, affluent, digitally-native consumers — precisely F1's fastest-growing US fan cohort; already sponsors an NFL stadium, showing appetite for major sports marketing."
267,Stifel Financial Corp.,stifel.com,United States,"Markets, Exchanges & Consumer Finance",Wealth Management & Investment Banking,7492,"Revenue ~$4.6bn (2024, NYSE:SF)",A fast-growing full-service wealth management and investment bank seeking to raise its national profile against larger rivals; global sports sponsorship is an underused lever in its brand-building strategy.
268,TransUnion,transunion.com,United States,"Markets, Exchanges & Consumer Finance",Credit Bureau & Consumer Data,13000,"Revenue ~$4.1bn (2024, NYSE:TRU)","Global credit-reporting and risk-analytics firm with fast-growing international (India, Africa, LatAm) operations that mirror F1's own emerging-market expansion into new Grand Prix host regions."
269,XP Inc.,xpinc.com,Brazil,"Markets, Exchanges & Consumer Finance",Retail Brokerage & Investment Platform,13268,"Revenue ~R$16.7bn / ~$3.3bn (2024, Nasdaq:XP)","Brazil's dominant independent investment platform (XP, Rico, Clear) in a country with one of F1's most passionate fanbases and a home Grand Prix in São Paulo."
270,Alight Solutions,alight.com,United States,Payments & Fintech at Scale,Payroll & benefits administration fintech,11141,Revenue ~$2.2B est. (FY2024),Large-scale benefits/payroll administration fintech (NYSE: ALIT) serving 30M+ people; no current F1 presence.
271,Ant Group,antgroup.com,China,Payments & Fintech at Scale,Digital payments & financial services (Alipay),16000,"Revenue ~$20B+ est. (2023, private)","Operator of Alipay, one of the world's largest digital payment platforms; China is a strategic growth market for F1 with no Ant Group tie-in yet."
272,Broadridge Financial Solutions,broadridge.com,United States,Payments & Fintech at Scale,Fintech infrastructure / investor communications,17918,Revenue $6.4B (FY2024),"S&P 500 fintech infrastructure company underpinning trillions in daily securities trading; no current F1 tie, fits enterprise fintech profile."
273,Corpay,corpay.com,United States,Payments & Fintech at Scale,B2B / fleet / cross-border payments,7170,Revenue $4.0B (FY2024),Global B2B payments and fleet-card company (NYSE: CPAY) with cross-border payments ambitions and large marketing spend; not an F1 sponsor.
274,Dayforce (formerly Ceridian),dayforce.com,United States,Payments & Fintech at Scale,HCM / payroll platform,6815,Revenue $1.75B (FY2024),Cloud payroll/HCM platform (NYSE: DAY) rebranded in 2024 and actively investing in brand marketing; not sponsoring F1 currently.
275,Deel,deel.com,United States,Payments & Fintech at Scale,Global payroll / HR-fintech,9717,"~$800M ARR est. (2024, private)",One of the fastest-growing global payroll/HR-fintech platforms with a large marketing budget and international ambitions; no motorsport sponsorship yet.
276,Diebold Nixdorf,dieboldnixdorf.com,United States,Payments & Fintech at Scale,ATM & retail payments technology,20588,Revenue $3.65B (FY2024),Global leader in ATM and payments/self-checkout technology serving nearly all of the world's top 100 banks; not currently sponsoring F1.
277,Edenred,edenred.com,France,Payments & Fintech at Scale,Employee benefits / prepaid payments,12000,Revenue €2.7B (FY2024),"Global leader in employee benefits and prepaid payment cards operating in 44+ countries; no existing motorsport sponsorship, strong European base."
278,Euronet Worldwide,euronetworldwide.com,United States,Payments & Fintech at Scale,Payments processing / money transfer / ATM network,9300,Revenue $3.8B (FY2024),Global payments and cross-border money-transfer network (Nasdaq: EEFT) operating in 200+ countries; no existing F1 sponsorship.
279,Finastra,finastra.com,United Kingdom,Payments & Fintech at Scale,Banking & payments software,12478,"Revenue ~$2.0B est. (FY2024, private)",Global banking/payments software vendor serving thousands of financial institutions; no current F1 partnership despite scale and global footprint.
280,Global Payments Inc. (incl. Worldpay),globalpayments.com,United States,Payments & Fintech at Scale,Merchant acquiring / payments technology,38000,"Revenue $9.2B (FY2024, pre-Worldpay); combined entity larger after Jan 2026 Worldpay merger","Newly combined payments giant (Global Payments + Worldpay, closed Jan 2026) processing trillions in volume across 175+ countries; no F1 sponsorship currently held."
281,MercadoLibre / Mercado Pago,mercadopago.com,Argentina,Payments & Fintech at Scale,E-commerce & fintech ecosystem,90000,"Revenue $21.0B (FY2024, MELI consolidated)","Latin America's dominant e-commerce/fintech ecosystem (Mercado Pago) with massive regional reach; strong fit for F1's LatAm growth push, currently unsponsored."
282,NCR Atleos,ncratleos.com,United States,Payments & Fintech at Scale,ATM & payments network infrastructure,20000,Revenue $4.3B (FY2024),"Operator of the world's largest independently-owned ATM network and self-service payments infrastructure; spun off from NCR in 2023, no F1 sponsorship yet."
283,NCR Voyix,ncrvoyix.com,United States,Payments & Fintech at Scale,Unified commerce / restaurant & retail payments,7991,Revenue $2.5B (FY2024),Restaurant/retail payments and unified-commerce platform (NYSE: VYX) spun off from NCR in 2023; no existing motorsport sponsorship.
284,Nexi Group,nexigroup.com,Italy,Payments & Fintech at Scale,Payments processing / acquiring,10000,Revenue €3.2B (FY2024),"Leading pan-European payments company headquartered in Ferrari's home market (Italy); strong regional brand fit, no existing F1 deal."
285,PagBank (PagSeguro Digital),pagbank.com.br,Brazil,Payments & Fintech at Scale,Digital bank / merchant payments,9650,Revenue R$18.3B / ~$3.6B (FY2024),"Large Brazilian digital bank and payments company (NYSE: PAGS); taps into F1's growing Brazilian fanbase, no current sponsorship."
286,Paylocity,paylocity.com,United States,Payments & Fintech at Scale,Payroll & HR technology,7099,Revenue $1.4B (FY2024),Growing US payroll/HR-fintech company (Nasdaq: PCTY) with a young workforce-facing brand; no motorsport sponsorship on record.
287,PayPal Holdings,paypal.com,United States,Payments & Fintech at Scale,Digital wallet / online payment platform,27000,Revenue $31.8B (FY2024),"Global consumer payments brand with huge cross-border volume and a fanbase overlap with F1's affluent, tech-forward audience; not currently an F1 sponsor/partner."
288,StoneCo,stone.co,Brazil,Payments & Fintech at Scale,Merchant acquiring / payments,15000,Revenue R$9.7B / ~$1.9B (FY2024),Major Brazilian payments/merchant-acquiring company (Nasdaq: STNE); Brazil is a passionate F1 market with no direct fintech sponsor yet.
289,Stripe,stripe.com,United States,Payments & Fintech at Scale,Payments infrastructure / processor,9000,"~$1.7B est. net revenue (2023, private); processed $1.4T+ payment volume in 2024",Fast-growing global payments infrastructure company with strong brand cachet among enterprise and startup customers; no existing motorsport sponsorship.
290,Synchrony Financial,synchrony.com,United States,Payments & Fintech at Scale,Consumer financing / private-label credit,16354,Total revenue $18.5B (FY2024),Large US consumer-finance/credit-card fintech (NYSE: SYF) with major retail partnerships; no current motorsport sponsorship.
291,Western Union,westernunion.com,United States,Payments & Fintech at Scale,Cross-border money transfer,15610,Revenue $4.2B (FY2024),"Iconic global money-transfer brand with operations in 200+ countries and deep global-audience reach; not currently sponsoring F1 (MoneyGram, a direct competitor, already is)."
292,Wise,wise.com,United Kingdom,Payments & Fintech at Scale,Cross-border payments,11653,Revenue £1.05B (FY2024),"Fast-growing, publicly listed cross-border payments network with a young, global, digitally-native user base overlapping F1's growth demographic; not a current sponsor."
293,Worldline,worldline.com,France,Payments & Fintech at Scale,Merchant acquiring / payments processor,16000,Revenue €4.4B (FY2024),"Europe's largest payments processor with deep motorsport-market presence (France/Italy/UK); logical merchant-acquirer sponsor category, currently unsponsored in F1."
294,Advantest Corporation,advantest.com,Japan,Semiconductors & Digital Infrastructure,Semiconductor Test Equipment,6900,~$4.3B revenue (FY2024),"AI-boom test-equipment leader (Nvidia/TSMC supplier); consolidated headcount ~6,900 clears threshold (single-site LinkedIn count reads lower); no F1 sponsorship."
295,American Tower Corporation,americantower.com,USA,Semiconductors & Digital Infrastructure,Wireless Tower Infrastructure,6100,~$11.3B revenue (2024),"World's largest independent tower operator; headcount is borderline (~6,100 per LinkedIn) but revenue scale is enterprise-grade; unclaimed telecom-infrastructure category."
296,Amphenol Corporation,amphenol.com,USA,Semiconductors & Digital Infrastructure,Connectors & Interconnect Systems,100000,~$15.2B revenue (2024),Top global connector maker (including motorsport-grade harnesses) riding the AI/data-center interconnect wave; unclaimed.
297,Analog Devices,analog.com,USA,Semiconductors & Digital Infrastructure,Analog & Mixed-Signal Semiconductors,24000,~$9.4B revenue (FY2024),Precision sensing/signal-chain leader used in motorsport telemetry-adjacent industrial applications; unclaimed category.
298,Arista Networks,arista.com,USA,Semiconductors & Digital Infrastructure,Data Center Networking,7000,~$7.0B revenue (2024),"Cloud/AI data-center networking leader (high-speed Ethernet switching); unclaimed, high-margin brand-building budget."
299,ASE Technology Holding,aseglobal.com,Taiwan,Semiconductors & Digital Infrastructure,Semiconductor Assembly & Test (OSAT),90000,~$19.6B revenue (2024),"World's largest OSAT/packaging company underpinning advanced-packaging AI chips; unclaimed, large enterprise budget."
300,Celestica Inc.,celestica.com,Canada,Semiconductors & Digital Infrastructure,Electronics Manufacturing Services (Data Center/AI Hardware),26000,~$9.6B revenue (2024),"North American EMS leader with booming AI/data-center hardware segment; stock and brand momentum, unclaimed."
301,Coherent Corp,coherent.com,USA,Semiconductors & Digital Infrastructure,Optical Components for Data Centers/AI,23000,~$5.4B revenue (FY2024),Photonics/optical transceiver leader for AI data-center interconnect; unclaimed.
302,Corning Incorporated,corning.com,USA,Semiconductors & Digital Infrastructure,Optical Fiber & Specialty Materials,57000,~$13.6B revenue (2024),Optical fiber/glass leader tied to AI data-center connectivity buildout; materials-science story fits F1 engineering narrative; unclaimed.
303,Delta Electronics,deltaww.com,Taiwan,Semiconductors & Digital Infrastructure,Power Supplies & Data Center Infrastructure,89000,"~$15B revenue (2024, NT$477B)",Global leader in power electronics/EV chargers/data-center power; also active in motorsport-relevant EV tech; unclaimed.
304,Eaton Corporation,eaton.com,Ireland,Semiconductors & Digital Infrastructure,Power Management for Data Centers,92000,~$24.9B revenue (2024),"Power management giant with a large, fast-growing data-center electrification business; unclaimed (Schneider Electric holds the rival slot)."
305,Entegris Inc.,entegris.com,USA,Semiconductors & Digital Infrastructure,Semiconductor Materials,8000,~$3.1B revenue (2024),Critical materials/contamination-control supplier to chip fabs worldwide; unclaimed niche with strong margins.
306,Fabrinet,fabrinet.com,Thailand,Semiconductors & Digital Infrastructure,Optical & Electro-Mechanical Manufacturing,13000,~$2.7B revenue (FY2024),"Precision optical/electro-mechanical manufacturer for AI networking and telecom customers; unclaimed, Asia-based growth story."
307,Flex Ltd.,flex.com,USA,Semiconductors & Digital Infrastructure,Electronics Manufacturing Services,150000,~$25.8B revenue (FY2024),Global EMS leader building data-center/power infrastructure hardware; unclaimed.
308,GlobalFoundries,gf.com,USA,Semiconductors & Digital Infrastructure,Semiconductor Foundry,13000,~$7.4B revenue (2024),"Largest US-headquartered pure-play foundry outside Intel; unclaimed, strong brand-building budget post-IPO."
309,Hon Hai Precision Industry (Foxconn),foxconn.com,Taiwan,Semiconductors & Digital Infrastructure,Electronics Manufacturing / AI Server Assembly,200000,~$210B revenue (2024),"World's largest electronics manufacturer, now a top AI-server assembler (Nvidia GB200 racks); massive scale, no F1 tie."
310,Infineon Technologies,infineon.com,Germany,Semiconductors & Digital Infrastructure,Power Semiconductors,58000,~€14.9B revenue (FY2024),"Europe's largest chipmaker, power semis for EV/hybrid powertrains; German GP/F1 fan base overlap; unclaimed."
311,Intel Corporation,intel.com,USA,Semiconductors & Digital Infrastructure,Semiconductor IDM & Foundry,99500,~$53.1B revenue (2024),Global chipmaker rebuilding its brand around AI/foundry leadership; verified not on the 2026 sponsor roster (AMD holds the rival slot); scale fits F1's enterprise tech tier.
312,Inventec Corporation,inventec.com,Taiwan,Semiconductors & Digital Infrastructure,Server & Notebook ODM,50000,~$15.6B revenue (2024),Leading server/notebook ODM benefiting from AI server demand; no F1 presence.
313,Jabil Inc.,jabil.com,USA,Semiconductors & Digital Infrastructure,Electronics Manufacturing Services / Data Center,135000,~$28.9B revenue (FY2024),Diversified manufacturing partner with fast-growing AI/cloud infrastructure segment; unclaimed.
314,Keysight Technologies,keysight.com,USA,Semiconductors & Digital Infrastructure,Test & Measurement Equipment,14500,~$4.9B revenue (FY2024),"Test/measurement equipment leader used across semiconductor, 5G and automotive validation; precision-engineering brand fit; unclaimed."
315,Kioxia Holdings,kioxia.com,Japan,Semiconductors & Digital Infrastructure,NAND Flash Memory,13000,"~$10B revenue (FY2024, ¥1.5T)","Major NAND flash producer (ex-Toshiba Memory), recently IPO'd; brand-building budget, unclaimed."
316,KLA Corporation,kla.com,USA,Semiconductors & Digital Infrastructure,Semiconductor Process Control Equipment,15000,~$11.9B revenue (FY2024),Chip-inspection/metrology leader whose precision-measurement pitch mirrors F1 engineering; not sponsoring.
317,Lam Research,lamresearch.com,USA,Semiconductors & Digital Infrastructure,Semiconductor Equipment (Etch/Deposition),18000,~$17.4B revenue (FY2024),Wafer-fab equipment leader with strong balance sheet for sponsorship; no F1 presence.
318,Legrand SA,legrand.com,France,Semiconductors & Digital Infrastructure,Electrical & Digital Infrastructure,40000,~€8.3B revenue (2024),French electrical/data infrastructure specialist (growing data-center business); French GP tie-in potential; unclaimed.
319,Microchip Technology,microchip.com,USA,Semiconductors & Digital Infrastructure,Microcontrollers & Analog Semiconductors,16000,"~$5.3B revenue (FY2024, cyclical downturn)",Broad-based MCU/analog supplier to industrial and automotive; unclaimed sponsor category.
320,MKS Instruments,mks.com,USA,Semiconductors & Digital Infrastructure,Semiconductor Equipment & Components,7500,~$3.7B revenue (2024),Process-control and specialty equipment maker for semiconductor and electronics manufacturing; unclaimed.
321,Murata Manufacturing,murata.com,Japan,Semiconductors & Digital Infrastructure,Electronic Components,75000,"~$12.5B revenue (FY2024, ¥1.9T)",World's largest MLCC/passive-components maker essential to EVs and data centers; unclaimed.
322,Nidec Corporation,nidec.com,Japan,Semiconductors & Digital Infrastructure,Motors & Cooling Systems for Data Centers,110000,"~$14.5B revenue (FY2024, ¥2.18T)","World's largest precision motor maker, now a key supplier of data-center liquid-cooling and fan systems for AI servers; unclaimed."
323,NXP Semiconductors,nxp.com,Netherlands,Semiconductors & Digital Infrastructure,Automotive/IoT Semiconductors,34500,~$12.6B revenue (2024),Leading automotive semiconductor supplier; Dutch GP tie-in; unclaimed sponsor slot.
324,onsemi (ON Semiconductor),onsemi.com,USA,Semiconductors & Digital Infrastructure,Power & Sensing Semiconductors,27000,~$7.1B revenue (2024),Leading power semiconductor/EV silicon-carbide supplier; direct relevance to hybrid powertrain tech; unclaimed.
325,Pegatron Corporation,pegatroncorp.com,Taiwan,Semiconductors & Digital Infrastructure,Electronics Manufacturing / Servers,80000,~$40B revenue (2024),Major EMS/server manufacturer diversifying beyond consumer devices into AI infrastructure; unclaimed.
326,Qorvo Inc.,qorvo.com,USA,Semiconductors & Digital Infrastructure,RF Semiconductors,7700,~$3.6B revenue (FY2024),"RF/connectivity chipmaker for mobile and infrastructure; unclaimed, comparable scale to sponsor-tier peers."
327,Quanta Computer,quantatw.com,Taiwan,Semiconductors & Digital Infrastructure,Server & AI Hardware ODM,80000,"~$70B revenue (2024, AI server boom)",Top AI/cloud server ODM for hyperscalers; revenue surging with AI infrastructure buildout; unclaimed.
328,Renesas Electronics,renesas.com,Japan,Semiconductors & Digital Infrastructure,Microcontrollers & Semiconductors,21000,"~$10B revenue (2024, ¥1.5T)",Top automotive MCU supplier expanding into data-center/AI chips; Japan GP audience; unclaimed.
329,Sanmina Corporation,sanmina.com,USA,Semiconductors & Digital Infrastructure,Electronics Manufacturing Services,30000,~$7.5B revenue (FY2024),Diversified EMS provider with growing cloud/data-center and defense electronics business; unclaimed.
330,Seagate Technology,seagate.com,Ireland,Semiconductors & Digital Infrastructure,Data Storage,20000,~$7.4B revenue (FY2024),Global HDD leader riding AI data-growth demand; unclaimed.
331,SK hynix,skhynix.com,South Korea,Semiconductors & Digital Infrastructure,Memory Semiconductors (HBM/DRAM),35000,"~$48B revenue (2024, KRW converted)",World-leading HBM supplier for AI servers; South Korea has no current F1 team sponsor from this category; strong growth story to associate with.
332,Skyworks Solutions,skyworksinc.com,USA,Semiconductors & Digital Infrastructure,RF Semiconductors,7000,~$3.75B revenue (FY2024),"RF/wireless chip leader (5G, connected devices); above 6,000-employee threshold per company filings; unclaimed."
333,STMicroelectronics,st.com,Switzerland,Semiconductors & Digital Infrastructure,Semiconductors,50000,~$13.3B revenue (2024),"Major European chipmaker (automotive, power, MCUs) with Italian/French roots and motorsport-adjacent automotive customers; unclaimed."
334,Super Micro Computer (Supermicro),supermicro.com,USA,Semiconductors & Digital Infrastructure,AI/Cloud Server Hardware,6400,~$14.9B revenue (FY2024),"Fast-growing AI/GPU server maker (Nvidia partner); headcount verified just above 6,000 threshold per recent filings; unclaimed."
335,TDK Corporation,tdk.com,Japan,Semiconductors & Digital Infrastructure,Electronic Components & Batteries,129000,"~$14.8B revenue (FY2024, ¥2.24T)",Major electronic components/sensor and battery maker with strong automotive ties; unclaimed.
336,TE Connectivity,te.com,Switzerland,Semiconductors & Digital Infrastructure,Connectors & Sensors,85000,~$15.8B revenue (FY2024),Connector/sensor giant already active in motorsport-adjacent automotive electrification; unclaimed F1 slot.
337,Teradyne Inc.,teradyne.com,USA,Semiconductors & Digital Infrastructure,Semiconductor Test Equipment,6500,~$2.8B revenue (2024),"Leading automated test equipment (ATE) maker for AI/mobile chips, also owns industrial robotics arm; unclaimed."
338,Tokyo Electron,tel.com,Japan,Semiconductors & Digital Infrastructure,Semiconductor Equipment,20000,"~$15.5B revenue (FY2024, ¥2.36T)",Top-3 global chip equipment maker; Japan GP presence gives home-market activation angle; unclaimed.
339,TSMC (Taiwan Semiconductor Manufacturing Company),tsmc.com,Taiwan,Semiconductors & Digital Infrastructure,Semiconductor Foundry,76000,~$90B revenue (2024),World's dominant foundry powering nearly every AI/HPC chip on the grid's simulation and data pipeline; not an F1 sponsor; huge marketing budget and China/Taiwan/US enterprise audience F1 wants.
340,United Microelectronics Corp (UMC),umc.com,Taiwan,Semiconductors & Digital Infrastructure,Semiconductor Foundry,19000,~$7.6B revenue (2024),"World's #4 foundry; unclaimed category, Taiwan tech-hub visibility."
341,Vertiv Holdings,vertiv.com,USA,Semiconductors & Digital Infrastructure,Data Center Power & Cooling Infrastructure,30000,~$8.0B revenue (2024),Pure-play data-center power/thermal management leader (liquid cooling for AI); no F1 or major motorsport deal found; strong growth narrative.
342,Western Digital Corporation,westerndigital.com,USA,Semiconductors & Digital Infrastructure,Data Storage,26000,~$13.0B revenue (FY2024),Major HDD/flash storage supplier for hyperscale data centers; unclaimed.
343,Wiwynn Corporation,wiwynn.com,Taiwan,Semiconductors & Digital Infrastructure,Cloud/AI Server ODM,13000,~$10B revenue (2024),Fast-growing hyperscale/AI server maker (Meta/Nvidia partner); high growth trajectory looking for global brand plays.
