#,company,domain,hq_country,sector,sport,current_deal,deal_scale_est,employees_est,affordability,why_f1,already_in_lists,source
1,New Balance,newbalance.com,United States,Athletic apparel,America's Cup,Official partner of NYYC American Magic in the America's Cup,"n/a (private, $6B+ revenue)","8,000+",Major global athletic apparel maker,"Backs an America's Cup sailing syndicate with no F1 apparel deal, unlike Puma and Tommy Hilfiger on the grid.",yes,PS3
2,Prada,prada.com,Italy,Luxury fashion,America's Cup,Co-title sponsor of the Luna Rossa America's Cup sailing team since 1997,n/a (Prada Group €5B+ revenue),"14,000+",Global luxury fashion house listed in Hong Kong,"Decades of marquee sailing sponsorship spend with no equivalent F1 fashion partnership, unlike LVMH's F1 deal.",yes,PS3
3,AG2R La Mondiale,ag2r-lamondiale.fr,France,Insurance/pension,Cycling (UCI WorldTour),Co-title sponsor of the Decathlon AG2R La Mondiale Team since 1992,n/a,"12,000+",Major French insurance/pension group,Three-decade elite cycling sponsor with no F1 presence.,,PS3
4,Alpecin,alpecin.com,Germany,Haircare/cosmetics,Cycling (UCI WorldTour),Co-title sponsor of the Alpecin-Deceuninck WorldTour team,n/a (private),n/a,"Funds a full WorldTour team budget, typically $15-20M+/year",Consumer brand already funding elite cycling at motorsport-adjacent budget levels with no F1 exposure.,,PS3
5,Arkea (Credit Mutuel Arkea),arkea.com,France,Banking,Cycling (UCI WorldTour),Co-title sponsor of the Arkea-B&B Hotels WorldTour team,"n/a (mutual banking group, EUR 4B+ revenue)","11,000+",Major French banking group,Full WorldTour team title sponsorship with no F1 banking presence.,,PS3
6,B&B Hotels,hotel-bb.com,France,Budget hospitality,Cycling (UCI WorldTour),Co-title sponsor of the Arkea-B&B Hotels WorldTour team,n/a (private),n/a,Fast-growing European budget hotel chain with hundreds of properties,Hospitality brand funding elite cycling-team sponsorship with no F1 hotel deal.,,PS3
7,Cofidis,cofidis.com,France,Consumer credit/lending,Cycling (UCI WorldTour),Title sponsor of its own eponymous WorldTour team since 1997,"n/a (private, Credit Mutuel-backed)","2,500+",Major French consumer lender and nearly three-decade motorsport-adjacent sponsor,Nearly 30 years of continuous elite cycling-team funding with no F1 presence.,,PS3
8,Decathlon,decathlon.com,France,Sporting goods retail,Cycling (UCI WorldTour),Co-title sponsor of the Decathlon AG2R La Mondiale Team,"n/a (private, EUR 16B+ revenue)","100,000+",World's largest sporting-goods retailer,Massive retail brand funding elite cycling with no F1 presence.,yes,PS3
9,Deceuninck,deceuninck.com,Belgium,Building materials (PVC/window profiles),Cycling (UCI WorldTour),Co-title sponsor of the Alpecin-Deceuninck WorldTour team,"n/a (public, EUR 800M+ revenue)","3,000+",Global building-materials manufacturer,B2B industrial brand funding elite team-sport sponsorship with zero F1 presence.,,PS3
10,EasyPost,easypost.com,United States,Shipping/logistics software (API),Cycling (UCI WorldTour),Co-title sponsor of the EF Education-EasyPost WorldTour team,"n/a (private, VC-backed)",~300,Fast-growing shipping-API company funding a top-tier cycling team,B2B SaaS logistics brand funding elite team sport with no F1 presence — a strong parallel to F1's own tech-sponsor category.,,PS3
11,EF Education First,ef.com,Switzerland / United States,Education/language travel,Cycling (UCI WorldTour),Title sponsor of the EF Education-EasyPost WorldTour team,"n/a (private, $2B+ revenue)","52,000+",World's largest private education company,Global consumer education brand funding elite cycling with no F1 presence.,yes,PS3
12,FDJ (Francaise des Jeux),groupefdj.com,France,Lottery/gaming,Cycling (UCI WorldTour),Co-title sponsor of the Groupama-FDJ WorldTour team since 1997,"n/a (public, EUR 2.6B+ revenue)","6,000+",France's national lottery operator,Nearly 30-year continuous elite cycling-title sponsor with no F1 gaming/lottery deal.,yes,PS3
13,Groupama,groupama.com,France,Insurance,Cycling (UCI WorldTour),Co-title sponsor of the Groupama-FDJ WorldTour team since 2018,"n/a (mutual insurer, EUR 16B+ revenue)","30,000+",Major French insurance mutual,Long-running elite cycling-team sponsorship with no F1 presence.,yes,PS3
14,Intermarche,intermarche.com,France,Supermarket retail,Cycling (UCI WorldTour),Co-title sponsor of the Intermarche-Wanty WorldTour team,"n/a (private cooperative, EUR 50B+ revenue)","130,000+",Major French supermarket cooperative,Grocery-retail giant funding elite cycling with no F1 presence.,,PS3
15,Lidl,lidl.com,Germany,Discount supermarket retail,Cycling (UCI WorldTour),Co-title sponsor of the Lidl-Trek WorldTour team since 2023,"n/a (Schwarz Group, EUR 150B+ revenue)","340,000+",One of the world's largest grocery retailers,Massive European retailer funding an elite cycling team with no F1 presence.,,PS3
16,Movistar (Telefonica),movistar.es,Spain,Telecommunications,Cycling (UCI WorldTour),"Title sponsor of Movistar Team, one of cycling's longest-running team sponsorships (since 2001 as Movistar)",n/a (Telefonica EUR 40B+ group revenue),n/a,Major Spanish telecom brand under Telefonica,Multi-decade elite cycling-title sponsor with no F1 telecom deal.,,PS3
17,Quick-Step (Mohawk Industries),quick-step.com,Belgium,Flooring products,Cycling (UCI WorldTour),Co-title sponsor of the Soudal Quick-Step WorldTour team since 2003,n/a (Mohawk Industries subsidiary),n/a,Global flooring brand under Mohawk Industries,Two-decade elite cycling-title sponsorship with no F1 presence.,,PS3
18,Soudal,soudal.com,Belgium,Sealants/adhesives manufacturing,Cycling (UCI WorldTour),Co-title sponsor of the Soudal Quick-Step WorldTour team,"n/a (private, EUR 1B+ revenue)","5,000+",Global industrial sealants manufacturer,Pure B2B industrial brand funding an elite cycling team at multi-million-euro scale with no F1 presence.,,PS3
19,Uno-X,uno-x.com,Norway,Fuel retail/convenience,Cycling (UCI WorldTour),Title sponsor of the Uno-X Mobility WorldTour team,n/a (private),n/a,Norwegian fuel and convenience-retail chain,Regional fuel brand funding a top-tier international cycling team with no F1 presence.,,PS3
20,Visma,visma.com,Norway,Business software (SaaS/cloud),Cycling (UCI WorldTour),"Title co-sponsor of the Visma-Lease a Bike WorldTour team (formerly Jumbo-Visma), backing multiple Tour de France wins","n/a (private, EUR 2.5B+ revenue)","15,000+",Major Nordic B2B cloud-software company,"SaaS company funding cycling's most dominant team with no F1 presence, unlike Workday and Salesforce among F1's tech sponsors.",yes,PS3
21,Wanty,wanty.be,Belgium,Freight/logistics,Cycling (UCI WorldTour),Co-title sponsor of the Intermarche-Wanty WorldTour team,n/a (private),n/a,Belgian logistics company funding a WorldTour team budget,B2B logistics brand at elite-cycling sponsorship scale with no F1 presence.,,PS3
22,XRG (ADNOC),xrg.com,United Arab Emirates,Energy/international investment,Cycling (UCI WorldTour),New title co-sponsor of UAE Team Emirates-XRG from 2025,n/a (ADNOC-backed),n/a,International energy-investment arm of Abu Dhabi's ADNOC,Brand-new marquee cycling sponsorship signals fresh sports-sponsorship budget with no F1 presence.,,PS3
23,Repsol,repsol.com,Spain,Oil & gas,Dakar Rally,"Key, strengthened sponsor of Toyota Gazoo Racing at the 2025 Dakar Rally","n/a (public, €55B+ revenue)","24,000+",Major Spanish integrated energy company,"Backs a factory Dakar effort with no current F1 deal, unlike Shell, Aramco and Petronas on the grid.",yes,PS3
24,Wanda Group,wanda.cn,China,Diversified conglomerate (real estate/entertainment),Diamond League (athletics),Ten-year title sponsor of the Wanda Diamond League since 2020,"n/a (private, tens of billions in revenue)","80,000+",Major Chinese conglomerate,Full athletics-series title sponsorship with no F1 presence.,,PS3
25,HyperX (HP Inc.),hyperx.com,United States,Gaming peripherals,Esports (League of Legends / VALORANT),Official gaming-peripherals partner across Riot Games esports,"n/a (HP subsidiary, $53B+ group revenue)",n/a,Backed by HP's global scale,Deep gaming-hardware esports sponsorship with no F1 presence.,yes,PS3
26,Logitech G,logitechg.com,Switzerland,Gaming peripherals,Esports (League of Legends / VALORANT),Official gaming-gear partner of major Riot Games esports leagues,n/a (Logitech $4.5B+ revenue),"5,000+",Global leader in gaming peripherals,Top esports hardware sponsor with no F1 presence.,yes,PS3
27,Crunchyroll (Sony),crunchyroll.com,United States,Anime streaming,Esports (VALORANT Champions),Sponsor of VALORANT Champions 2025,n/a (Sony subsidiary),n/a,Backed by Sony's global media scale,Major streaming brand in top esports sponsorship with no F1 presence.,yes,PS3
28,Secretlab,secretlab.co,Singapore,Gaming furniture,Esports (VALORANT Champions),Sponsor of VALORANT Champions 2025,"n/a (private, est. $200M+ revenue)",500+,World's leading premium gaming-chair brand,Major gaming-lifestyle brand at top esports events with no F1 presence.,,PS3
29,Acciona,acciona.com,Spain,Renewable energy/infrastructure,Extreme E / Extreme H,Title co-sponsor of the ACCIONA | Sainz XE Team in Extreme E/Extreme H,"n/a (public, €10B+ revenue)","40,000+",Global renewables and construction group,"Backs an EV off-road racing team, aligned with F1's own sustainability push, yet has no F1 sponsorship.",yes,PS3
30,Bosch,bosch.com,Germany,Automotive engineering/technology,FIA WEC,Premium partner of the FIA World Endurance Championship,n/a,"429,000+",One of the world's largest automotive suppliers by revenue,Massive engineering budget already funds endurance-racing sponsorship with no F1 team or series deal.,yes,PS3
31,FAGE International,fageusa.com,Greece / United States,Dairy/yogurt,FIA WEC / Le Mans,"Multi-year partnership with the FIA WEC announced for the Lone Star Le Mans race, 2025",n/a,"~2,000",Global yogurt brand present in 40+ countries,A rare consumer packaged-goods brand entering endurance racing — a template for entering F1's global fan reach.,,PS3
32,ABB,abb.com,Switzerland,Industrial automation/electrification,Formula E,Title partner of the ABB FIA Formula E World Championship,n/a ($32B+ revenue),"105,000+",Global industrial giant with title-naming budget for an entire world championship,Formula E-only motorsport sponsor with a pure electrification story and no F1 program — a natural pitch given F1's own hybrid/sustainability push.,yes,PS3
33,Infosys,infosys.com,India,IT services/consulting,Formula E,Digital innovation partner of Formula E,n/a ($18B+ revenue),"300,000+",One of the world's largest IT services firms,"Deep motorsport data/tech partnership in Formula E with no F1 presence, unlike rival IT firms courting F1 teams.",yes,PS3
34,Julius Baer,juliusbaer.com,Switzerland,Private banking/wealth management,Formula E,"Founding global partner of Formula E since 2014, renewed through Season 12",n/a,"~7,000",Major Swiss private bank with hundreds of billions in assets under management,"Financial-services sponsor deeply embedded in EV racing with no F1 team or series deal, unlike Santander and Mastercard in F1.",yes,PS3
35,SABIC,sabic.com,Saudi Arabia,Chemicals/materials,Formula E,"Lead partner of Formula E, supplying sustainable materials",n/a ($34B+ revenue),"~31,000",Major global petrochemicals company,"Backs Formula E's sustainability agenda with no equivalent F1 sponsorship, despite Saudi-linked rival Aramco on the F1 grid.",yes,PS3
36,Budweiser (AB InBev),budweiser.com,United States / Belgium,Beer,ICC,Landmark global partnership between AB InBev's Budweiser brand and the ICC,n/a,"164,000+ (AB InBev global)",World's largest brewer by revenue,"Global beer brand at cricket's top table with no F1 presence, unlike Heineken on the F1 grid.",yes,PS3
37,Nissan,nissan-global.com,Japan,Automotive manufacturing,ICC,ICC Official Partner,$6-8M,"130,000+",Major global automaker within the Nissan-Renault-Mitsubishi Alliance,"Automaker sponsoring cricket's world governing body with no F1 team or title deal, despite Alliance partner Renault's Alpine F1 team.",yes,PS3
38,Sobha Group,sobha.com,India / United Arab Emirates,Real estate,ICC,ICC Global Partner,"n/a (public, ~$1B+ revenue)","4,000+",Major listed Gulf/India real-estate developer,Real-estate brand funding cricket's global-body sponsorship with no F1 presence.,,PS3
39,Dream11,dream11.com,India,Fantasy sports,ICC events,ICC category partner for fantasy sports,$3-4M,n/a (Dream Sports group $1B+ revenue),"India's largest fantasy-sports platform, part of a billion-dollar-plus sports-tech group","Deep cricket-sponsorship spend with no F1 presence, unlike Crypto.com's F1 sponsorship.",,PS3
40,WeatherTech,weathertech.com,United States,Automotive accessories,IMSA,Title sponsor of the IMSA WeatherTech SportsCar Championship since 2016,n/a,"~2,500","Privately held, reportedly $700M+ in annual revenue; funds full national series naming rights",Series-title-scale motorsport spend with no F1 presence at all.,yes,PS3
41,Michelob ULTRA (AB InBev),michelobultra.com,United States / Belgium,Beer,IMSA / NASCAR,Official beer partner of IMSA and multiple NASCAR entries,n/a,"164,000+ (AB InBev global)","Backed by AB InBev, the world's largest brewer by revenue",AB InBev brand sponsoring endurance and stock-car racing with no F1 tie (Heineken holds F1's beer category).,,PS3
42,Angel One,angelone.in,India,Stockbroking/fintech,IPL,"IPL Associate Partner, multi-year deal reported at INR 410 crore",n/a (~INR 410cr multi-year total),"5,000+",Publicly listed Indian brokerage with millions of active clients,Fintech brand spending at marquee-cricket-league scale with no F1 presence.,yes,PS3
43,My11Circle (Games24x7),my11circle.com,India,Fantasy sports,IPL,"IPL Associate Partner, multi-year deal reported at INR 625 crore",n/a (~INR 625cr multi-year total),n/a,Major Indian fantasy-sports platform holding a top-tier IPL associate sponsorship,"Large-scale digital sports sponsorship with no F1 presence, unlike Crypto.com's F1 deal.",,PS3
44,RuPay (NPCI),rupay.co.in,India,Payments network,IPL,"IPL Associate Partner, multi-year deal reported at INR 210 crore",n/a (~INR 210cr multi-year total),n/a,National payments network backed by an Indian banking consortium,"Payments brand already at IPL associate-sponsor scale, no F1 presence, unlike Mastercard on the grid.",,PS3
45,Tata Group,tata.com,India,Diversified conglomerate,IPL,Title sponsor of the Indian Premier League (TATA IPL) through 2028,~$60M/yr (INR 500 crore/yr),"935,000+ (group)",One of the world's largest conglomerates with group revenue over $165B,Enormous conglomerate funding cricket's marquee league title with no F1 presence.,,PS3
46,AutoNation,autonation.com,United States,Auto retail,IndyCar,Sponsor of IndyCar entries including Meyer Shank / Andretti programs,n/a ($27B+ revenue),"26,000+",Largest US automotive retailer by revenue,Auto-retail giant already in open-wheel racing with no F1 presence.,yes,PS3
47,BorgWarner,borgwarner.com,United States,Auto components/engineering,IndyCar,Namesake sponsor of the BorgWarner Trophy awarded to the Indianapolis 500 winner since 1936,n/a ($14B+ revenue),"39,000+",S&P 500 auto supplier,"Near-century-long motorsport trophy sponsorship with no F1 program, unlike rival suppliers linked to F1 teams.",yes,PS3
48,Fifth Third Bank,53.com,United States,Banking,IndyCar,Primary sponsor of Rahal Letterman Lanigan Racing's IndyCar entry,n/a ($8B+ revenue),"18,000+",Top-20 US bank by assets,"Regional bank already funding open-wheel primary sponsorship; F1's banking category is dominated by Santander/Mastercard, leaving room.",yes,PS3
49,Gainbridge,gainbridgelife.com,United States,Insurance/annuities,IndyCar,Presenting sponsor of the Indianapolis 500 and primary IndyCar team sponsor,n/a,n/a,Group 1001 insurance subsidiary funding Indy 500 naming rights,Insurance category already spends at marquee-race-title scale outside F1.,,PS3
50,Gallagher,ajg.com,United States,Insurance brokerage,IndyCar,Primary sponsor of Meyer Shank Racing's Indianapolis 500-winning IndyCar entry,n/a ($10B+ revenue),"50,000+",NYSE-listed global insurance broker,Funded an Indy 500-winning primary sponsorship; no F1 insurance-brokerage deal exists.,yes,PS3
51,NTT,global.ntt,Japan,IT/telecommunications,IndyCar,Title sponsor of the NTT INDYCAR Series since 2019,n/a ($95B+ group revenue),"330,000+",One of the world's largest telecom/IT conglomerates,"Funds an entire series title yet has zero F1 presence, unlike tech rivals AWS and Lenovo in F1.",yes,PS3
52,Sam's Club (Walmart),samsclub.com,United States,Retail/wholesale club,IndyCar,Sponsor of IndyCar team entries and races,"n/a (Walmart subsidiary, $600B+ revenue)","110,000+",Backed by Walmart's global retail scale,Retail giant already spending in top-tier US motorsport with no F1 presence.,,PS3
53,PPG,ppg.com,United States,Coatings/paints,IndyCar / NASCAR,"Returns as primary sponsor of Team Penske's INDYCAR entry in 2025, alongside NASCAR liveries",n/a ($18B+ revenue),"47,000+",S&P 500 industrial coatings leader,Deep US motorsport primary sponsorship with no F1 program.,yes,PS3
54,BK8,bk8.com,Curacao (online gaming),Online gambling/betting,MotoGP,Title sponsor of Gresini Racing MotoGP team since 2025,n/a,n/a,Funds full factory team-title rights across a MotoGP season,Already spends motorsport-scale sponsorship budgets in MotoGP with no F1 presence.,,PS3
55,Castrol (BP),castrol.com,United Kingdom,Automotive lubricants,MotoGP,"Title sponsor of Honda's factory MotoGP team (Castrol Honda) from 2025, replacing Repsol",n/a,"~90,000 (BP)",BP subsidiary with billions in global lubricants revenue,Direct rival to F1 fuel/lube sponsors Mobil 1 and Petronas; Castrol funds factory motorsport everywhere except F1.,yes,PS3
56,Idemitsu Kosan,idemitsu.com,Japan,Energy/lubricants,MotoGP,Title partner of the LCR Honda Idemitsu team for over a decade,n/a,"~11,000",Major Tokyo Stock Exchange-listed energy company,"Long-running two-wheel motorsport sponsor of Honda with no F1 presence, unlike Castrol/Mobil 1/Petronas rivals on the grid.",yes,PS3
57,Pertamina,pertamina.com,Indonesia,Oil & gas (state energy),MotoGP,Title sponsor of the Pertamina Enduro VR46 Racing Team since 2022,n/a,"30,000+",State-owned energy major with multi-billion-dollar revenue,"Southeast Asian energy giant funds MotoGP but has never sponsored F1, unlike Aramco and Petronas.",yes,PS3
58,Prima Assicurazioni,prima.it,Italy,Insurance (insurtech),MotoGP,Title sponsor of the Prima Pramac Yamaha MotoGP team since 2024,n/a,"~2,000","Funds a full factory-satellite MotoGP entry, implying multi-million-euro annual spend",Motorsport-adjacent insurer already bankrolls a factory-level bike program yet has zero F1 presence.,,PS3
59,Bass Pro Shops,basspro.com,United States,Outdoor/sporting goods retail,NASCAR,Primary sponsor of Trackhouse Racing's NASCAR Cup Series entries,"n/a (private, billions in revenue)","45,000+",Major US retail chain and long-time primary NASCAR sponsor,Full-season primary sponsor of a Cup team; F1 has no comparable outdoor-retail sponsor.,yes,PS3
60,Busch Light (Anheuser-Busch),buschbeer.com,United States,Beer,NASCAR,Official beer of the NASCAR Cup Series (Premier Partner) for 2025,n/a,n/a (AB InBev subsidiary),Backed by AB InBev's global scale,Category-exclusive NASCAR beer sponsor while F1's beer/spirits sponsorship sits with a different brand (Heineken).,,PS3
61,Circle K (Alimentation Couche-Tard),circlek.com,Canada,Convenience retail/fuel,NASCAR,Sponsor of multiple NASCAR Cup Series races and teams,n/a (Couche-Tard $60B+ revenue),"130,000+",Global convenience chain owned by Alimentation Couche-Tard,"Fuel-retail brand funding NASCAR races with no F1 exposure, unlike Shell and Aramco in F1.",yes,PS3
62,Cook Out,cookout.com,United States,Quick-service restaurant,NASCAR,Title sponsor of the NASCAR Clash exhibition race and multiple Cup Series races,n/a (private),"~10,000",Regional chain of hundreds of locations already funding national-TV race titles,Restaurant brand at race-title sponsorship scale in NASCAR; F1 hospitality sponsorship remains open.,,PS3
63,Craftsman (Stanley Black & Decker),craftsman.com,United States,Tools,NASCAR,Title sponsor of the NASCAR Craftsman Truck Series,n/a (SBD $15B+ revenue),"50,000+ (SBD)",Backed by Stanley Black & Decker's global tool business,Full NASCAR series title sponsor with no F1 tools-category presence.,yes,PS3
64,Freeway Insurance,freewayinsurance.com,United States,Insurance,NASCAR,New NASCAR Cup Series Premier Partner starting 2026,n/a,n/a,"Signed a series-level Premier Partner deal, implying multi-million-dollar annual commitment","Fresh entrant to series-level NASCAR sponsorship shows insurance-category appetite for top-tier motorsport, unmet in F1 beyond a couple of names.",,PS3
65,Menards,menards.com,United States,Home improvement retail,NASCAR,Primary sponsor of multiple NASCAR Cup and Truck Series entries for decades,"n/a (private, est. $12B+ revenue)","45,000+",Third-largest US home improvement chain,Decades of primary motorsport sponsorship spend with zero F1 presence.,,PS3
66,Milwaukee Tool,milwaukeetool.com,United States,Power tools,NASCAR,Primary sponsor of NASCAR Truck Series entries,"n/a (TTI subsidiary, billions in revenue)","10,000+",Backed by Techtronic Industries' global tool business,Full primary motorsport-sponsorship budget with no equivalent F1 presence.,yes,PS3
67,O'Reilly Auto Parts,oreillyauto.com,United States,Auto parts retail,NASCAR,Taking over title sponsorship of NASCAR's second-tier Xfinity Series beginning 2026,n/a ($16B+ revenue),"90,000+",Nasdaq-listed retailer with billions in annual revenue,About to become a full NASCAR series title sponsor — clear appetite for major motorsport branding beyond F1.,yes,PS3
68,Xfinity (Comcast),xfinity.com,United States,Telecom/cable,NASCAR,Premier Partner and namesake of the NASCAR Xfinity Series,n/a,"180,000+ (Comcast)",Comcast subsidiary funding a full national series' naming rights,Series-level naming rights show appetite for major motorsport spend; no F1 presence today.,yes,PS3
69,Advance Auto Parts,advanceautoparts.com,United States,Auto parts retail,NASCAR / IMSA,Long-time NASCAR and IMSA sponsor; title sponsor of the Advance Auto Parts Clash,~$9B revenue (public),"~50,000",NYSE-listed retailer with billions in annual revenue,"Deep US motorsport spend with zero F1 exposure, unlike tech rivals AWS/Salesforce on the F1 grid.",yes,PS3
70,Alibaba Group,alibaba.com,China,E-commerce/cloud,Olympics (IOC TOP),Worldwide Olympic Partner (cloud services and e-commerce),"n/a (public, $130B+ revenue)","200,000+",China's largest e-commerce/cloud company,"Top-tier Olympic technology sponsor with no F1 presence, unlike AWS/Salesforce on the grid.",yes,PS3
71,Allianz,allianz.com,Germany,Insurance,Olympics (IOC TOP),"Worldwide Olympic and Paralympic Partner, extended in 2025","n/a (public, EUR 160B+ revenue)","157,000+",One of the world's largest insurers,"Top-tier Olympic insurance partner with no F1 presence, despite F1's growing interest in insurance sponsors.",yes,PS3
72,Samsung Electronics,samsung.com,South Korea,Consumer electronics,Olympics (IOC TOP),Worldwide Olympic Partner (TOP program),"n/a (public, $200B+ revenue)","267,000+",World's largest electronics maker,"Top-tier global Olympic sponsor with no F1 presence, unlike Lenovo on the F1 grid.",yes,PS3
73,TCL,tcl.com,China,Consumer electronics,Olympics (IOC TOP),"New long-term Worldwide Olympic Partner through 2032, signed 2025","n/a (public, $27B+ revenue)","80,000+",Major global TV/electronics manufacturer,Fresh top-tier Olympic sponsorship signals a major global marketing budget with no F1 presence.,yes,PS3
74,OMEGA (Swatch Group),omegawatches.com,Switzerland,Luxury watches,Olympics / Diamond League,Official timekeeper of the Olympic Games and the Diamond League since 1932,n/a (Swatch Group CHF 6B+ revenue),"n/a (Swatch Group ~30,000)","Longest-serving Olympic timekeeper, backed by the Swatch Group",Direct rival to Rolex/TAG Heuer in luxury-watch timekeeping with zero F1 presence — the clearest timekeeper-category conversion target.,yes,PS3
75,Nikon,nikon.com,Japan,Imaging/optics,Olympics / athletics,Official Olympic photography-equipment partner across multiple Games cycles,"n/a (public, $5B+ revenue)","18,000+",Major global camera/optics manufacturer,Long-running Olympic imaging partner with no F1 presence.,yes,PS3
76,Altrad,altrad.com,France,Industrial services/scaffolding,Rugby (All Blacks / New Zealand Rugby),Principal sponsor and jersey partner of the All Blacks since 2022,"n/a (private, EUR 5B+ revenue)","50,000+",Global industrial-services group founded by Mohed Altrad,Major industrial B2B brand on New Zealand's iconic rugby jersey with no F1 presence at all.,,PS3
77,O2 (Telefonica UK),o2.co.uk,United Kingdom / Spain,Telecommunications,Rugby (England RFU),Long-running principal partner and shirt sponsor of England Rugby (RFU),n/a (Telefonica EUR 40B+ group revenue),"5,500+ (O2 UK)","Major UK mobile operator, part of the Telefonica group",Decades-long marquee rugby-jersey sponsorship with no F1 telecom deal.,,PS3
78,BONDS (Hanesbrands),bonds.com.au,Australia,Apparel,SailGP,New title partner of the BONDS Flying Roos Australia SailGP Team from 2025,n/a (Hanesbrands $3.5B+ revenue),n/a,Major Australian apparel brand under Hanesbrands,Consumer apparel brand backing a national sailing team with no F1 presence.,,PS3
79,KPMG,kpmg.com,Netherlands (global network),Professional services/consulting,SailGP,Global league partner of SailGP from 2025,n/a (network revenue $36B+),"275,000+",Big Four professional services firm,Big Four firm already spending at global sailing-league level with no F1 consulting sponsor deal.,yes,PS3
80,Mubadala,mubadala.com,United Arab Emirates,Sovereign wealth fund/investment,SailGP,Title partner of the Mubadala Brazil SailGP Team from 2025,n/a (>$330B AUM),"3,000+",Abu Dhabi sovereign wealth fund with vast capital,Deep-pocketed sovereign investor entering sailing sponsorship with no F1 team-ownership or sponsorship stake.,,PS3
81,ROCKWOOL,rockwool.com,Denmark,Building insulation manufacturing,SailGP,"Title partner of the Denmark SailGP Team, renewed through 2032","n/a (public, DKK 28B+ revenue)","12,000+",Global insulation-materials leader and SailGP's longest-standing team partner,Industrial manufacturer already funds top-tier sailing sponsorship with zero motorsport/F1 presence — a strong B2B conversion story.,yes,PS3
82,Emirates,emirates.com,United Arab Emirates,Airline,SailGP / America's Cup,Global league partner of SailGP (multi-season deal from 2025) and title partner of Emirates Team New Zealand in the America's Cup,"n/a (state-owned, $33B+ revenue)","60,000+",Major global airline with a huge sports-marketing budget,"Deep sailing sponsorship footprint but no F1 presence, unlike rival airline Qatar Airways on the F1 grid.",yes,PS3
83,Capgemini,capgemini.com,France,IT consulting,Six Nations,Official Digital Transformation Partner of Six Nations Rugby through 2029,"n/a (public, EUR 22B+ revenue)","340,000+",Global IT consulting leader,"Long-term tech sponsorship of a major rugby championship with no F1 presence, unlike rival consultancies eyeing F1 data deals.",yes,PS3
84,Guinness (Diageo),guinness.com,United Kingdom / Ireland,Beer,Six Nations,Title sponsor of the Men's and Women's Six Nations Championship,~GBP 15M/yr,"28,000+ (Diageo)",Diageo-owned global beer brand,"Full tournament title sponsor of a top rugby championship with no F1 presence, unlike Heineken's F1 deal.",yes,PS3
85,Sage,sage.com,United Kingdom,Business software (accounting/ERP),Six Nations,Official partner of Six Nations Rugby,"n/a (public, GBP 2B+ revenue)","12,000+",FTSE 100 business-software company,B2B SaaS brand already sponsoring top-tier rugby with no F1 presence.,yes,PS3
86,APICIL Group,apicil.com,France,Insurance/pension protection,Vendee Globe,Title sponsor of a Vendee Globe IMOCA skipper campaign,n/a,"3,500+",Major French insurance/protection group,Funds ocean-racing campaigns at multi-million-euro scale with no F1 presence.,,PS3
87,Banque Populaire,banquepopulaire.fr,France,Banking,Vendee Globe,Long-running title sponsor of a Vendee Globe / IMOCA ocean-racing boat and skipper,"n/a (BPCE group, tens of billions in revenue)","100,000+ (BPCE group)",Major French banking group,"Deep ocean-racing sponsorship pedigree with no F1 presence, unlike Santander in F1.",,PS3
88,Charal,charal.fr,France,Food/meat products,Vendee Globe,"Title sponsor of a Vendee Globe IMOCA skipper campaign (Charal, Jeremie Beyou)","n/a (private, part of Groupe Bigard)",n/a,Major French meat brand funding a solo round-the-world racing campaign,"Consumer food brand already at marquee endurance-sport sponsorship scale, with none in F1.",,PS3
89,Aruba.it,aruba.it,Italy,Cloud hosting/IT services,World Superbike (WSBK),Title sponsor of Aruba.it Racing Ducati in World Superbike since 2015,n/a,"~1,500","Italy's largest web-hosting company, long-term title sponsor of a factory race team",Backs Ducati's factory superbike effort; no equivalent cloud-hosting sponsor exists on the F1 grid.,yes,PS3
90,Allstate,allstate.com,USA,Insurance,college,Title sponsor of college football's Allstate Sugar Bowl and other college sponsorships.,n/a (undisclosed),"~52,000","Fortune 100 insurer, $57B+ in annual revenue; already funds marquee college-football bowl sponsorships.",State Farm and Progressive already dabble in adjacent motorsport-linked sponsorships - Allstate has none in F1 despite comparable bowl-game spend.,yes,PS2
91,Buffalo Wild Wings (Inspire Brands),buffalowildwings.com,USA,Restaurant / Sports Bar,college,Official March Madness sponsor with an estimated $10M/yr deal.,~$10M/yr (reported),"~2,500 (corporate; franchise system far larger)",Parent Inspire Brands generates tens of billions in system-wide sales; already funds a marquee March Madness deal.,"Race-day watch parties are core to Buffalo Wild Wings' business model, yet it has zero presence around F1 despite already sponsoring comparable viewing occasions in college basketball.",,PS2
92,Chick-fil-A,chick-fil-a.com,USA,Quick-Service Restaurant,college,Title sponsor of the Chick-fil-A Peach Bowl and Chick-fil-A Kickoff Game.,"n/a (undisclosed, reported eight figures annually)","~9,000 (corporate; franchise system far larger)","Private restaurant chain, $21B+ in annual system-wide sales; already funds multiple marquee college-football sponsorships.",Chick-fil-A has aggressively expanded its sports marketing footprint - F1's Atlanta-adjacent Southeastern US growth (its home market) is untapped.,yes,PS2
93,Kellanova (Cheez-It),kellanova.com,USA,Food & Beverage - Snacks,college,Title sponsor of the Cheez-It Citrus Bowl and Cheez-It Bowl.,n/a (undisclosed),"~23,000","Public snack-food company, $13B+ in annual revenue; already funds multiple college-football bowl naming rights.",Snack brands have no meaningful F1 presence despite race-day being a major at-home viewing/snacking occasion in the growing US audience.,yes,PS2
94,Keurig Dr Pepper (Dr Pepper),keurigdrpepper.com,USA,Beverage,college,"Dr Pepper is deeply tied to college football sponsorship, including its long-running Tuition Giveaway promotion.",n/a (undisclosed),"~28,000","Public beverage company, $15B+ in annual revenue; already funds one of college football's most recognizable promotional sponsorships.",Coca-Cola and PepsiCo brands dominate global sports sponsorship while F1 has no major soft-drink partner at all - open category white space.,yes,PS2
95,Northwestern Mutual,northwesternmutual.com,USA,Financial Services / Insurance,college,Corporate partner across multiple college sports conferences and bowl-adjacent sponsorships.,n/a (undisclosed),"~9,000","Fortune 500 insurer/wealth manager, $37B+ in annual revenue; already funds college-sports sponsorship programs.","Financial-services brands (Visa, Salesforce) already anchor F1's paddock - a peer-scale wealth manager like Northwestern Mutual has none.",,PS2
96,Pizza Hut,pizzahut.com,USA,Quick-Service Restaurant,college,Official March Madness sponsor with an estimated $10M/yr deal.,~$10M/yr (reported),"~6,000 (corporate; franchise system far larger)",Parent Yum! Brands generates $7B+ in annual revenue; already funds a top-tier March Madness sponsorship.,QSR brands have stayed largely out of F1 despite race-day viewing parties being a natural delivery/takeout occasion in the growing US fanbase.,yes,PS2
97,The Hershey Company (Reese's),thehersheycompany.com,USA,Confectionery,college,Reese's has been a long-running March Madness sponsor (bracket/confetti branding).,n/a (undisclosed),"~19,000","Public confectionery giant, $11B+ in annual revenue; already funds a marquee NCAA tournament sponsorship.",Hershey brands have no presence in F1 despite race weekends drawing family and youth audiences comparable to March Madness viewership.,yes,PS2
98,The Wendy's Company,wendys.com,USA,Quick-Service Restaurant,college,Official March Madness sponsor with an estimated $10M/yr deal.,~$10M/yr (reported),"~16,000 (corporate; franchise system far larger)","Public QSR company, $2.2B+ annual revenue; already funds a top-tier NCAA sponsorship.","Wendy's social-media-savvy marketing team already leans into cultural sports moments - F1's meme-friendly, younger US fanbase is an obvious extension.",yes,PS2
99,96.com,96.com,Philippines,betting,football,Burnley FC main shirt sponsor 2025/26,n/a,n/a,Asian betting brand funding Premier League front-of-shirt sponsorship,Asia-facing betting brand with Premier League shirt-sponsor budget; fits F1's Asian audience growth,,PS1
100,Accor,accor.com,France,hospitality,football,Paris Saint-Germain shirt sleeve sponsor,n/a,"~230,000","Euronext-listed, world's largest hotel groups by footprint, >€5B annual revenue",Global hospitality leader with race-weekend accommodation synergy; no current F1 presence,yes,PS1
101,AIA Group,aia.com,Hong Kong,insurance,football,Tottenham Hotspur main shirt sponsor since 2019,~£40M/yr,"~23,000","Largest independent pan-Asian life insurer, ~$16B revenue",No major insurer currently on F1 grid; strong APAC growth story matches F1's Asia race calendar push,yes,PS1
102,Airbnb,airbnb.com,United States,travel/hospitality,football,FIFA World Cup 2026 official supporter,n/a,"~7,000","NASDAQ-listed, ~$10B annual revenue",Global travel platform sponsoring the biggest sport mega-event; F1 race-weekend tourism is a natural adjacent fit,yes,PS1
103,Alaska Air Group,alaskaair.com,United States,airline,football,Portland Timbers main shirt sponsor,n/a,"~23,000","NYSE-listed, ~$11B annual revenue",Major US carrier already buying MLS shirt rights; fits F1's growing West Coast US race presence,,PS1
104,Alipay (Ant Group),alipay.com,China,fintech/payments,football,UEFA global partner sponsoring the Champions League and Euro tournaments,n/a,"~16,000","Ant Group-owned, world's largest mobile payments platform, hundreds of millions of users",Chinese fintech giant already buying top European football rights; F1's China GP and growing fanbase are a natural next step,yes,PS1
105,Ally Financial,ally.com,United States,banking/fintech,football,Charlotte FC main shirt sponsor,n/a,"~11,000","NYSE-listed digital bank, ~$8B annual revenue",US digital bank already sponsoring an MLS club; matches F1's US fintech-sponsor white space,yes,PS1
106,American Airlines,aa.com,United States,airline,football,FIFA World Cup 2026 official supporter,n/a,"~130,000","NASDAQ-listed, ~$53B annual revenue",Largest US airline with no F1 presence; World Cup 2026 co-host deal shows appetite for major motorsport-adjacent global sport spend,yes,PS1
107,American Family Insurance,amfam.com,United States,insurance,football,Atlanta United FC main shirt sponsor,n/a,"~13,000","Large private US insurer, >$16B annual revenue",US insurer already buying pro-sport shirt rights; matches F1's US expansion and category white space,yes,PS1
108,Anheuser-Busch InBev (Budweiser),ab-inbev.com,Belgium,beverages,football,FIFA World Cup 2026 sponsor and incoming UEFA Champions League beer partner replacing Heineken,n/a,"~164,000","Euronext-listed, world's largest brewer, ~$60B annual revenue","Direct global rival to Heineken, F1's current beer partner; taking over Heineken's own UCL slot shows aggressive category poaching",yes,PS1
109,Apple,apple.com,United States,technology,football,MLS Season Pass exclusive broadcaster and league-wide jersey sleeve sponsor,~$250M/yr (media+sponsorship),"~164,000","NASDAQ-listed, ~$390B annual revenue",Category-defining tech brand with no F1 presence; MLS deal proves willingness to bundle media rights and sponsorship at F1-relevant scale,yes,PS1
110,AXA,axa.com,France,insurance,football,Liverpool FC official training kit and back-of-shirt sponsor since 2017,n/a,"~145,000","CAC 40 insurer, >€100B annual revenue",Global insurance giant already funding Liverpool's training kit; no current F1 presence despite proven elite-club spend,yes,PS1
111,Bally's Corporation,ballys.com,United States,casino/betting,football,Nottingham Forest main shirt sponsor since 2023,n/a,"~10,500","NYSE-listed casino operator, ~$2.4B annual revenue",US-listed gaming company already buying Premier League exposure to build US brand relevance -- matches F1's US growth strategy,yes,PS1
112,Bank of America,bankofamerica.com,United States,banking,football,FIFA World Cup 2026 sponsor,n/a,"~213,000","NYSE-listed, ~$100B annual revenue","Top-tier US bank buying into World Cup 2026 ahead of the US audience; matches F1's US growth push (Miami, Vegas, Austin races)",yes,PS1
113,BBVA,bbva.com,Spain,banking,football,Official sponsor of the Argentina national football team,n/a,"~121,000","IBEX 35-listed global bank, >€25B annual revenue",Major global bank with no current F1 presence; Messi-era Argentina deal shows appetite for marquee global-sport rights,yes,PS1
114,Bet365,bet365.com,United Kingdom,betting,football,UEFA Champions League official global sponsor,n/a,"~7,000","Privately held, reported >£3B annual revenue","World's largest privately held bookmaker, already a UEFA Champions League sponsor; betting is a proven, legal F1 category",yes,PS1
115,Betsson AB,betssonab.com,Sweden,betting,football,Inter Milan main shirt sponsor 2025/26 (branded Betsson.sport under Italian ad rules),n/a,"~2,700","Nasdaq Stockholm-listed betting group, >€900M annual revenue",Nordic-listed betting group with proven Serie A-scale spend; betting is an established F1 sponsor category,yes,PS1
116,bj88,bj88.com,Philippines,betting,football,AFC Bournemouth main shirt sponsor 2025/26,n/a,n/a,Asian gaming group with existing Premier League-scale sponsorship budget,Asia-facing betting operator with proven Premier League-scale spend; F1's Asian races offer a natural next step,,PS1
117,BMW,bmw.com,Germany,automotive,football,Official mobility partner of the German Football Association (DFB),n/a,"~154,000","DAX-listed premium automaker, >€140B annual revenue","Former F1 engine supplier (2000-2009) with no current F1 team; rival manufacturers Audi, Mercedes, Ford and Honda are active or entering the grid",yes,PS1
118,Booking.com,booking.com,Netherlands,online travel,football,Official UEFA Euro 2024 partner,n/a,"~19,000","NASDAQ-listed (Booking Holdings), >$21B annual revenue",Global travel platform with race-weekend tourism synergy; no current F1 presence,yes,PS1
119,BoyleSports,boylesports.com,Ireland,betting,football,West Ham United main shirt sponsor since 2024,n/a,"~2,000","Ireland's largest independent bookmaker, family-owned, hundreds of shops plus online","Irish betting brand with West Ham-scale sport budget; betting is an established, legal F1 sponsorship category",yes,PS1
120,Bridgestone Americas,bridgestoneamericas.com,Japan,tires,football,Nashville SC main shirt sponsor,n/a,"~50,000 (Americas)","Subsidiary of Bridgestone Corp, global tire leader, >$30B group revenue",Former official F1 tire supplier (2007-2010) with existing motorsport marketing infrastructure and lapsed F1 relationship to reactivate,,PS1
121,Carabao Group,carabaogroup.com,Thailand,energy drinks,football,Title sponsor of the EFL Cup (Carabao Cup) since 2017,n/a,n/a,"Major Thai beverage conglomerate, publicly listed on the Stock Exchange of Thailand","Energy-drink category rival to Red Bull, which owns an F1 team, and to Monster's motorsport ties; proven UK cup-naming spend",yes,PS1
122,Carlsberg Group,carlsberggroup.com,Denmark,beverages,football,Long-time official partner of the Danish Football Association (DBU),n/a,"~40,000","Copenhagen-listed, world's fourth-largest brewer, >$10B annual revenue","Direct global rival to Heineken, F1's current beer partner, with decades of proven top-flight football sponsorship spend",yes,PS1
123,cinch,cinch.co.uk,United Kingdom,online car marketplace,football,Title sponsor of the Scottish Premiership since 2020,n/a,"~1,000+","Backed by Constellation Automotive Group, UK's largest used-car platform",Automotive-adjacent consumer brand with proven league-naming budget and clear F1 category fit,yes,PS1
124,Coca-Cola,coca-cola.com,United States,beverages,football,FIFA partner across World Cup 2026 and all FIFA competitions,n/a,"~79,000","NYSE-listed, ~$46B annual revenue",Largest beverage sponsor in world sport with no F1 presence; decades of proven mega-event global marketing spend,,PS1
125,Constellation Brands (Modelo),cbrands.com,United States,beverages,football,Modelo is a title-level sponsor of the Concacaf Gold Cup and Liga MX-adjacent properties,n/a,"~9,000","NYSE-listed, >$10B annual revenue","Best-selling beer brand in the US market with no F1 presence; rival to Heineken, F1's current beer partner",yes,PS1
126,Continental AG,continental.com,Germany,tires,football,Long-time official partner of the German Football Association (DFB),n/a,"~200,000","DAX-listed, world's fourth-largest tire maker, >€40B annual revenue","Direct global rival to Pirelli, F1's exclusive tire supplier; deep motorsport heritage (former F1 supplier) supports a credible pitch",yes,PS1
127,DEBET,debet.com,Vietnam,betting,football,Wolverhampton Wanderers main shirt sponsor 2025/26,n/a,n/a,Asian online betting operator funding Premier League front-of-shirt rights,Asia-facing betting brand buying Premier League exposure; matches F1's growing Asian broadcast audience,,PS1
128,Deutsche Bank,db.com,Germany,banking,football,Eintracht Frankfurt stadium naming sponsor (Deutsche Bank Park) since 2020,n/a,"~90,000","DAX-listed, one of Europe's largest banks, >€28B annual revenue",Major German bank already funding Bundesliga stadium naming rights; no current F1 presence,yes,PS1
129,Diageo,diageo.com,United Kingdom,spirits,football,FIFA World Cup 2026 official supporter (Johnnie Walker/Smirnoff),n/a,"~30,000","LSE-listed, ~£20B annual revenue",World's largest spirits company already sponsoring the World Cup; no current F1 presence despite mega-event budget,yes,PS1
130,DIGI Communications,digi.ro,Romania,telecom,football,"Rayo Vallecano and Real Oviedo shirt sponsor, La Liga 2025/26",n/a,"~13,000",Pan-European telecom operator listed on Bucharest and Amsterdam exchanges,Fast-growing pan-European telecom with disposable marketing budget and no current F1 presence,,PS1
131,DoorDash,doordash.com,United States,food delivery,football,FIFA World Cup 2026 official supporter,n/a,"~15,000","NASDAQ-listed, ~$10B annual revenue",Leading US food-delivery platform already buying World Cup rights; matches F1's US audience growth,,PS1
132,Easygo (Stake.com),stake.com,Australia,betting/crypto casino,football,Everton FC main shirt sponsor since 2023,~£10M/yr,"~1,000",Backed by billionaire founders Ed Craven & Bijan Tehrani; group valued >$1B,Crypto-linked betting brand already spending at Premier League shirt-sponsor scale; F1 already accepts crypto sponsors (Crypto.com),yes,PS1
133,EDP,edp.com,Portugal,energy/utility,football,Official sponsor of the Portugal national football team,n/a,"~12,000","Euronext Lisbon-listed utility, >€15B annual revenue",Major European utility already sponsoring a national team; energy/utility remains an open F1 sponsor category,,PS1
134,Enterprise Mobility,enterprisemobility.com,United States,car rental/mobility,football,Official UEFA Euro 2024 partner,n/a,"~90,000","Privately held, world's largest car rental company, >$35B annual revenue",Mobility brand with obvious motorsport fit; no current F1 presence despite proven mega-tournament football spend,,PS1
135,Experian,experianplc.com,Ireland,credit data/analytics,football,Copa America 2024 (US) official sponsor,n/a,"~22,000","LSE-listed, world's largest credit bureau, >$6.6B annual revenue",Global credit-data leader already sponsoring Copa America; no current F1 presence despite proven mega-event spend,yes,PS1
136,FedEx,fedex.com,United States,logistics,football,UEFA Champions League official global sponsor,n/a,"~500,000","NYSE-listed, ~$87B annual revenue","Direct rival to DHL, F1's current logistics partner; global express-delivery footprint matches F1's 24-race travel operation",yes,PS1
137,Grupo Bimbo,grupobimbo.com,Mexico,food (bakery),football,Major sponsor of Mexican national football and Liga MX properties,n/a,"~135,000","BMV-listed, world's largest bakery company, >$18B annual revenue",Mexico's largest food company already sponsoring national football; fits F1's Mexico City GP audience,yes,PS1
138,Hana Financial Group,hanafn.com,South Korea,banking,football,Official sponsor of the Korea Football Association and national team,n/a,"~13,000","KRX-listed, one of South Korea's largest financial groups, >$15B annual revenue",Major South Korean financial group already sponsoring the national team; fits F1's growth ambitions in Asia,yes,PS1
139,Herbalife,herbalife.com,United States,nutrition,football,"LA Galaxy main shirt sponsor since 2007, one of MLS's longest-running deals",n/a,"~7,500","NYSE-listed, ~$4.8B annual revenue","Global nutrition brand with a 15+ year MLS shirt deal, showing sustained appetite for pro-sport marketing spend",,PS1
140,Hisense,hisense.com,China,consumer electronics,football,FIFA World Cup 2026 sponsor; also long-time UEFA Euro sponsor,n/a,"~90,000","Global TV manufacturer, >$25B annual revenue","Proven mega-event electronics sponsor building Western brand awareness, similar playbook to Lenovo already in F1",yes,PS1
141,Hollywoodbets,hollywoodbets.net,South Africa,betting,football,Brentford FC main shirt sponsor since 2022,n/a,"~10,000",South Africa's largest private betting operator,Africa's largest private bookmaker with Premier League-scale spend; F1's growing African fanbase is untapped,,PS1
142,Home Depot,homedepot.com,United States,retail,football,FIFA World Cup 2026 official supporter,n/a,"~470,000","NYSE-listed, ~$150B annual revenue",Largest US home-improvement retailer already sponsoring the World Cup; matches F1's US market expansion,,PS1
143,Hyundai Motor Group,hyundai.com,South Korea,automotive,football,FIFA partner (Hyundai-Kia) and long-time UEFA Euro sponsor,n/a,"~120,000","Global top-5 automaker, >$150B annual group revenue","Major global automaker with no current F1 presence, unlike rivals Mercedes, Ford, Honda and Audi entering/active in F1",yes,PS1
144,Iberdrola,iberdrola.com,Spain,energy/utility,football,Title sponsor of the Spanish women's football league (Liga F Iberdrola),n/a,"~40,000","IBEX 35-listed global utility, >€45B annual revenue",Major European energy company with growing sport-sponsorship footprint and no current F1 presence,yes,PS1
145,Indeed (Recruit Holdings),indeed.com,United States,recruitment technology,football,Eintracht Frankfurt main shirt sponsor,n/a,"~13,000","Owned by Recruit Holdings (Tokyo-listed), Indeed generates multi-billion-dollar revenue",US recruitment tech giant with Bundesliga-scale sponsorship budget and zero current motorsport presence,,PS1
146,ING Group,ing.com,Netherlands,banking,football,Long-time official partner of the Dutch Football Association (KNVB),n/a,"~60,000","Euronext Amsterdam-listed, one of Europe's largest banks, >€20B annual revenue",Major European bank already a long-time Dutch football partner; fits F1's growing Dutch fanbase (Verstappen effect),yes,PS1
147,JD.com (Jingdong),jd.com,China,e-commerce,football,UEFA Champions League official e-commerce innovation partner through 2026/27,n/a,"~500,000","NASDAQ/HK-listed, >$150B annual revenue",Chinese e-commerce giant seeking Western sport credibility; F1's China race and growing Chinese fanbase are a natural fit,yes,PS1
148,Just Eat Takeaway.com,justeattakeaway.com,Netherlands,food delivery,football,UEFA Champions League official global sponsor,n/a,"~19,000","Amsterdam-listed, ~€5B annual revenue",Global food-delivery platform already buying top-tier Champions League rights with no current F1 presence,,PS1
149,Kaizen Gaming (Betano),kaizengaming.com,Greece,betting,football,Aston Villa main shirt sponsor since 2023,n/a,"~2,500",Private betting group reporting >€1.6B revenue in 2023,Betting brands are legal F1 sponsorship category in most markets; proven top-flight football shirt spend,,PS1
150,Kirin Holdings,kirinholdings.com,Japan,beverages,football,Long-time title sponsor of the Kirin Cup and official partner of the Japan Football Association,n/a,"~30,000","TSE-listed, one of Japan's largest beverage groups, >$16B annual revenue",Major Japanese beverage group with a namesake football tournament; fits F1's Japanese GP audience,yes,PS1
151,Leidos,leidos.com,United States,IT/defense services,football,D.C. United main shirt sponsor,n/a,"~47,000","NYSE-listed government-tech contractor, >$15B annual revenue","Large US government-tech contractor already buying pro-sport shirt rights, showing budget for global brand visibility",yes,PS1
152,Meilleurtaux,meilleurtaux.com,France,mortgage broking/fintech,football,Lille OSC shirt sponsor,n/a,n/a,Leading French mortgage broker owned by the Cafpi group,Leading French fintech/mortgage broker already buying Ligue 1 exposure; untapped fintech category in F1,,PS1
153,Mengniu Dairy,mengniuir.com,China,food & beverage,football,FIFA World Cup official dairy products sponsor,n/a,"~40,000","HK-listed, >$13B annual revenue",Major Chinese dairy giant already buying FIFA World Cup rights; fits F1's growth ambitions in China,,PS1
154,Midea Group,midea.com,China,home appliances,football,FC Barcelona shirt sleeve sponsor from 2025/26,n/a,"~190,000","Shenzhen-listed, world's largest appliance maker, >$55B annual revenue",Chinese consumer electronics giant buying elite European football exposure; matches F1's growth strategy in China,yes,PS1
155,Nationwide Mutual,nationwide.com,United States,insurance,football,Columbus Crew main shirt sponsor,n/a,"~24,000","Fortune 100 mutual insurer, >$30B annual revenue",Fortune 100 US insurer already funding an MLS shirt deal; matches F1's US expansion and open insurance category,yes,PS1
156,NET88,net88.com,Philippines,betting,football,Crystal Palace main shirt sponsor 2025/26,n/a,n/a,Asian betting operator funding top-flight English football rights,Asia-facing betting operator already funding top-flight English football; F1's global TV reach fits its growth ambitions,,PS1
157,Nike,nike.com,United States,sportswear,football,"Kit supplier and commercial partner to Brazil ($100M/yr), France, England and 10+ national federations",~$100M/yr (Brazil alone),"~79,000","NYSE-listed, ~$51B annual revenue",Direct global rival to Puma (Ferrari's F1 apparel partner); no current F1 team presence despite football dominance,yes,PS1
158,Ooredoo,ooredoo.com,Qatar,telecom,football,"Paris Saint-Germain training kit/back sponsor, long-running deal",n/a,"~14,000","Qatar state-backed telecom group operating across Middle East, Africa and Asia","Qatari state-backed telecom already funding a top European club; distinct from Qatar Airways, already an F1 partner",yes,PS1
159,Orange,orange.com,France,telecom,football,Long-time official partner of the French Football Federation (FFF),n/a,"~127,000","Euronext Paris-listed, France's largest telecom operator, >€40B annual revenue",France's largest telecom already a long-time FFF partner; no current F1 presence,yes,PS1
160,Plus500,plus500.com,Israel,online trading/fintech,football,Atalanta BC shirt sponsor,n/a,"~1,000","LSE-listed CFD trading platform, >$700M annual revenue",Retail trading platform already buying elite European football exposure; F1's affluent global audience fits its target demographic,yes,PS1
161,Proximus,proximus.com,Belgium,telecom,football,Official partner of the Belgian Football Association and Red Devils national team,n/a,"~12,000","Euronext Brussels-listed, Belgium's largest telecom operator, >€5.7B annual revenue",Belgium's largest telecom already a long-time national-team partner; fits F1's growing Belgian fanbase,yes,PS1
162,Reale Seguros (Reale Group),realegroup.eu,Italy,insurance,football,Real Sociedad shirt sponsor,n/a,"~4,000",Major Italian-Spanish mutual insurance group,Major Italian-Spanish insurer already funding La Liga club sponsorship; open insurance category in F1,,PS1
163,Riyadh Air,riyadhair.com,Saudi Arabia,airline,football,Atletico Madrid main shirt sponsor since 2024,n/a,n/a,"PIF-backed new national carrier of Saudi Arabia, launched with multi-billion-dollar backing",New PIF-adjacent airline actively buying global sport exposure; F1 fits its brand-launch international ambitions,yes,PS1
164,ROSHN Group,roshn.sa,Saudi Arabia,real estate,football,Title sponsor of the Saudi Pro League (Roshn Saudi League) since 2023,n/a,n/a,PIF-owned giga-project real estate developer with multi-billion-dollar development pipeline,Distinct PIF entity from Aramco already on the F1 grid; demonstrates Saudi state appetite for buying entire league naming rights,yes,PS1
165,Royal Bank of Canada (RBC),rbc.com,Canada,banking,football,LA Galaxy sleeve sponsor,n/a,"~94,000","TSX/NYSE-listed, one of North America's largest banks, >$50B annual revenue",Major North American bank already buying pro-sport shirt real estate; fits F1's growing Canadian GP profile,yes,PS1
166,Royal Caribbean Group,royalcaribbeangroup.com,United States,cruise/travel,football,Inter Miami CF main shirt sponsor,n/a,"~85,000","NYSE-listed, ~$13B annual revenue",Global travel brand riding Messi-era MLS exposure; premium leisure-travel audience overlaps with F1's race-weekend demographic,,PS1
167,SBOTOP,sbotop.com,Philippines,betting,football,Fulham FC main shirt sponsor,n/a,n/a,Established Asian licensed sportsbook operating at Premier League shirt-sponsor scale,"Asia-facing betting brand seeking Western sports credibility, matches F1's Asian TV audience growth",,PS1
168,Scotiabank,scotiabank.com,Canada,banking,football,Title sponsor of the Concacaf Champions Cup,n/a,"~90,000","TSX-listed, one of Canada's Big Five banks, >$30B annual revenue",Major North American bank buying regional football naming rights; fits F1's Canadian GP and Americas growth,yes,PS1
169,Sela,sela.sa,Saudi Arabia,entertainment/events,football,Newcastle United main shirt sponsor since 2023,~£25M/yr,"~5,000+",PIF-backed Saudi entertainment giant behind Riyadh Season and major global events,Distinct PIF-adjacent entity from Aramco (already F1); Saudi sports-investment pattern signals appetite for F1-scale spend,,PS1
170,Signal Iduna Group,signal-iduna.de,Germany,insurance,football,Borussia Dortmund stadium naming sponsor (Signal Iduna Park) since 2005,n/a,"~13,000",Major German mutual insurance group with multi-billion-euro premium income,German insurance group with two decades of stadium naming-rights spend; untapped insurance category in F1,yes,PS1
171,Snai,snai.it,Italy,betting,football,Fiorentina shirt sponsor,n/a,n/a,One of Italy's oldest and largest licensed betting operators,Longstanding Italian betting operator already funding Serie A; fits F1's strong Italian fanbase via Ferrari,,PS1
172,Socios.com (Chiliz),socios.com,Malta,fan tokens/blockchain,football,"Official fan-token partner of FC Barcelona, Paris Saint-Germain, Juventus and other top clubs since 2020",n/a,~350,"Backed by Chiliz blockchain platform, hundreds of millions in funding and sport-rights spend",Blockchain/fan-engagement brand seeking motorsport-scale fan bases; Crypto.com's F1 deal shows the category already converts,,PS1
173,Sony (PlayStation),playstation.com,Japan,gaming/electronics,football,UEFA Champions League official global sponsor,n/a,"~113,000 (Sony Group)",Sony Group ~$85B annual revenue,Gaming/electronics giant with no current F1 presence; UCL deal shows proven top-tier global sport rights spend,yes,PS1
174,Spotify,spotify.com,Sweden,music streaming,football,"FC Barcelona main shirt sponsor since 2022, extended 2025 at ~€65M/yr",~€65M/yr,"~11,000","NYSE-listed, ~$15B annual revenue, 600M+ users","Proven appetite for the world's biggest club-shirt deal; F1's young, global audience matches Spotify's core demographic",yes,PS1
175,State Farm,statefarm.com,United States,insurance,football,Copa America 2024 (US) official sponsor,n/a,"~58,000","Largest US auto/home insurer, >$100B annual revenue",Category-leading US insurer proving mega-event soccer spend; matches F1's US GP expansion,yes,PS1
176,Stellantis (Jeep),stellantis.com,Netherlands,automotive,football,Juventus main shirt sponsor 2025/26-2027/28 (Jeep brand),~€9M/yr,"~250,000 (group)","Global automaker, ~€180B annual revenue","Major automaker without an F1 works presence; direct rival positioning to Aston Martin/Aramco, Audi and Ford entering the grid",yes,PS1
177,Symetra Financial,symetra.com,United States,insurance,football,"Seattle Sounders FC main shirt sponsor, longest-running MLS shirt deal",n/a,"~1,700",Owned by Sumitomo Life; multi-billion-dollar balance sheet,"US insurer with the longest-running MLS shirt sponsorship, showing sustained sport-marketing commitment",,PS1
178,TIM (Telecom Italia),gruppotim.it,Italy,telecom,football,Long-time sponsor of Italian football including Coppa Italia branding,n/a,"~38,000","Borsa Italiana-listed, Italy's largest telecom operator, >€15B annual revenue",Italy's largest telecom already invested in Italian football; fits F1's strong Italian fanbase via Ferrari,yes,PS1
179,TotalEnergies,totalenergies.com,France,energy,football,Title sponsor of the Africa Cup of Nations (TotalEnergies AFCON) since 2016,n/a,"~100,000","CAC 40 energy major, >$200B annual revenue","Global energy major with no current F1 presence, unlike rival Aramco; AFCON deal proves appetite for major motorsport-adjacent global sport rights",yes,PS1
180,Turkish Airlines,turkishairlines.com,Turkey,airline,football,Official sponsor of UEFA Champions League,n/a,"~35,000","State-backed flag carrier flying to 300+ destinations, multi-billion-dollar revenue","Rival positioning to Emirates/Qatar Airways already in F1; extensive global-sport sponsorship playbook (also Euroleague, F.C. Barcelona-adjacent deals)",yes,PS1
181,Verizon,verizon.com,United States,telecom,football,FIFA World Cup 2026 official telecom sponsor,n/a,"~105,000","NYSE-listed, ~$134B annual revenue",Largest US wireless carrier with no F1 presence; World Cup 2026 US buildout mirrors F1's US market ambitions,yes,PS1
182,Vodafone Group,vodafone.com,United Kingdom,telecom,football,"Borussia Dortmund main shirt sponsor from 2025/26, ~€30M/season",~€30M/yr,"~92,000","LSE-listed global telecom group, >€36B annual revenue","Former F1 title sponsor (Vodafone McLaren Mercedes, 2007-2013) with proven F1 marketing playbook and lapsed relationship to reactivate",yes,PS1
183,W88,w88.com,Philippines,betting,football,Sunderland AFC main shirt sponsor 2025/26,n/a,n/a,Established Asian betting operator with Premier League-scale sponsorship spend,Asia-facing betting operator with proven top-flight football spend; F1's international calendar offers new reach,,PS1
184,Winamax,winamax.fr,France,betting,football,Olympique de Marseille main shirt sponsor,n/a,"~1,000",France's leading online poker/betting operator,"France's top betting operator with Ligue 1-scale spend; betting is a legal, F1-plausible sponsor category",yes,PS1
185,Wintrust Financial,wintrust.com,United States,banking,football,Chicago Fire FC main shirt sponsor,n/a,"~5,000","NASDAQ-listed bank holding company, >$60B in assets",Regional US bank already buying MLS shirt rights; fits F1's growing footprint in major US metro markets,,PS1
186,WWK Versicherungen,wwk.de,Germany,insurance,football,FC Augsburg stadium naming sponsor (WWK Arena),n/a,"~1,700",Major German mutual life insurer,German insurer already funding Bundesliga stadium rights; open insurance category in F1,,PS1
187,CJ Group,cj.net,South Korea,Conglomerate,golf,Title sponsor of the CJ Cup Byron Nelson on the PGA Tour.,n/a (undisclosed),"~40,000","Major South Korean conglomerate spanning food, entertainment and logistics, $25B+ in annual revenue.",Korean conglomerates are largely absent from F1 sponsorship despite the region's growing motorsport fandom and CJ's proven PGA Tour spend.,,PS2
188,Deere & Company (John Deere),deere.com,USA,Agricultural Equipment,golf,Longtime title sponsor of the PGA Tour's John Deere Classic.,n/a (undisclosed),"~83,000","Fortune 100 industrial manufacturer, $51B+ in annual revenue; already funds a decades-long PGA Tour title sponsorship.","Heavy-industrial and engineering brands have real currency in F1's technology story - John Deere has none, despite comparable golf-sponsorship commitment.",yes,PS2
189,Farmers Insurance,farmers.com,USA,Insurance,golf,Title sponsor of the PGA Tour's Farmers Insurance Open at Torrey Pines.,n/a (undisclosed),"~21,000","Major US insurer under Zurich ownership, billions in annual premiums; already funds a long-running PGA Tour title sponsorship.",Insurance brands are notably rare on F1's grid - Farmers' sustained golf investment shows appetite for premium sports-sponsorship spend that F1 doesn't yet capture.,yes,PS2
190,Fortinet,fortinet.com,USA,Cybersecurity,golf,Title sponsor of the PGA Tour's Fortinet Championship.,n/a (undisclosed),"~13,000","Public cybersecurity leader, $5.9B+ in annual revenue; already funds a PGA Tour title sponsorship.","Cybersecurity and enterprise-tech brands (Salesforce, Cisco via McLaren) are increasingly common on F1 grids - Fortinet has none despite comparable golf spend and a data-security story that fits F1's telemetry narrative.",yes,PS2
191,Genesis Motor (Hyundai Motor Group),genesis.com,South Korea,Automotive - Luxury,golf,"Title sponsor of the PGA Tour's Genesis Invitational, hosted by Tiger Woods.",n/a (undisclosed),"~2,000 (brand; Hyundai Motor Group ~120,000)",Hyundai Motor Group revenue exceeds $180B globally; Genesis is its fast-growing luxury division already funding a marquee PGA Tour event.,"Luxury automakers use F1 for brand-building globally (Aston Martin, Ferrari, Mercedes) - Genesis has none, despite comparable golf-sponsorship spend and ambitions to be seen as a global luxury player.",yes,PS2
192,Procore Technologies,procore.com,USA,Construction Software / Technology,golf,Title sponsor of the Procore Championship on PGA Tour Champions.,n/a (undisclosed),"~3,000","Public construction-tech company, $1.1B+ in annual revenue; already funds a PGA Tour Champions title sponsorship.","Fast-growing SaaS companies (Salesforce, Workday) already dot F1's grid - Procore's golf-sponsorship spend shows it plays in the same budget tier without yet being on an F1 car.",yes,PS2
193,Rocket Companies (Rocket Mortgage),rocketcompanies.com,USA,Fintech / Mortgage,golf,Title sponsor of the PGA Tour's Rocket Mortgage Classic in Detroit.,n/a (undisclosed),"~17,000","Public fintech/mortgage company, $5B+ in annual revenue; already funds a PGA Tour title sponsorship.","Rocket has built its brand through major sports naming rights (NBA arena, PGA Tour) - F1's rapidly growing US audience is a logical next platform for a growth-focused fintech brand.",yes,PS2
194,Sanderson Farms,sandersonfarms.com,USA,Food / Poultry Production,golf,Title sponsor of the Sanderson Farms Championship on the PGA Tour.,n/a (undisclosed),"~17,000","One of the largest US poultry producers, $4B+ in annual revenue; already funds a PGA Tour title sponsorship.",Consumer food brands rarely appear in F1 - Sanderson Farms' sustained PGA Tour spend shows real sports-marketing budget available for an untapped category.,,PS2
195,Sentry Insurance,sentry.com,USA,Insurance,golf,"Title sponsor of The Sentry, the PGA Tour's season-opening event.",n/a (undisclosed),"~4,000",Mutual insurance company with billions in annual premiums; already funds the PGA Tour's marquee season opener.,Insurers dominate US sports sponsorship broadly but have almost no presence in F1 - Sentry's season-opening golf spend proves budget exists.,,PS2
196,The Charles Schwab Corporation,schwab.com,USA,Financial Services / Brokerage,golf,Title sponsor of the Charles Schwab Cup on PGA Tour Champions.,n/a (undisclosed),"~32,000","Public brokerage giant, $19B+ in annual revenue; already funds a season-long PGA Tour Champions title sponsorship.","Wealth-management brands are a proven F1 sponsor category internationally, but Schwab - one of the largest US brokerages - has no F1 presence at all.",yes,PS2
197,The Travelers Companies,travelers.com,USA,Insurance,golf,Title sponsor of the PGA Tour's Travelers Championship.,n/a (undisclosed),"~30,000","Fortune 100 insurer, $46B+ in annual revenue; already funds one of the PGA Tour's most prominent title sponsorships.",Travelers' decades-long PGA Tour commitment shows deep sports-marketing budget that has never been directed at F1's international stage.,yes,PS2
198,Truist Financial,truist.com,USA,Banking,golf,"Title sponsor of the PGA Tour's Truist Championship, a Signature Event.",n/a (undisclosed),"~40,000","Top-10 US bank, $22B+ in annual revenue; already funds one of the PGA Tour's premier Signature Events.",Regional banks have largely stayed out of F1 - Truist's Signature Event-level golf spend shows clear budget for equivalent global motorsport exposure.,yes,PS2
199,Wells Fargo,wellsfargo.com,USA,Banking,golf,Longtime title sponsor of the PGA Tour's Wells Fargo Championship.,n/a (undisclosed),"~226,000","Top-4 US bank, $80B+ in annual revenue; already funds a marquee PGA Tour title sponsorship.",Wells Fargo has stayed within golf and NFL-adjacent sponsorships - F1's international footprint offers reach its current US-centric portfolio lacks.,yes,PS2
200,WM (Waste Management),wm.com,USA,Waste Management / Environmental Services,golf,"Title sponsor of the WM Phoenix Open, the PGA Tour's highest-attended event.",n/a (undisclosed),"~50,000","Fortune 500 environmental-services company, $20B+ in annual revenue; already funds the PGA Tour's single best-attended tournament.",WM has built a sustainability-forward sports brand story - F1's push toward net-zero by 2030 offers a directly aligned platform WM doesn't currently use.,yes,PS2
201,Zurich Insurance Group,zurich.com,Switzerland,Insurance,golf,Title sponsor of the PGA Tour's Zurich Classic of New Orleans (a team event).,n/a (undisclosed),"~55,000","Global insurance giant, $50B+ in annual revenue; already funds a PGA Tour title sponsorship.",European insurers with global reach (like Zurich) are largely missing from F1's sponsor roster despite the sport's European roots and Zurich's proven golf-sponsorship budget.,yes,PS2
202,Dunkin' Brands (Dunkin'),dunkindonuts.com,USA,Quick-Service Restaurant,mlb,"Regional MLB sponsor with team-level partnerships (e.g., Red Sox) and in-park branding.",n/a (undisclosed),"~3,000 (corporate; franchise system far larger)",Parent Inspire Brands generates tens of billions in system-wide sales; Dunkin' alone funds numerous MLB team deals.,"Dunkin's caffeine/energy positioning fits F1's early-race-day US broadcast windows, an audience it doesn't currently reach.",yes,PS2
203,Fanatics,fanatics.com,USA,Sports Merchandise / E-commerce,mlb,"Official on-field uniform and trading-card manufacturer across MLB, NFL, NBA and NHL (including MLB's Nike-Fanatics uniform partnership).","n/a (undisclosed, but MLB gear rights alone are a nine-figure category)","~24,000",Private sports-commerce giant valued at $31B+ with $8B+ in annual revenue; already the dominant merchandise partner across every major US league.,Fanatics has built its business by cornering official merchandise across US leagues - F1 merchandise/collectibles remain outside its portfolio despite the sport's booming US retail demand.,yes,PS2
204,Fox Factory Holding,foxfactory.com,USA,Auto & Motorsport Components,mlb,New MLB corporate partner as of the 2025 season.,n/a (undisclosed),"~4,000","Public motorsport/off-road suspension manufacturer, $1B+ annual revenue; just added MLB to its sponsorship roster.",Fox Factory already supplies suspension technology to off-road and NASCAR racing - F1's precision-engineering audience is a natural adjacent story it hasn't told yet.,,PS2
205,Ito En,itoen.com,Japan,Beverage - Tea,mlb,New MLB corporate partner as of the 2025 season (official green tea partner).,n/a (undisclosed),"~5,000","Japan's largest green-tea maker, $3B+ annual revenue; just began funding an MLB sponsorship.",Ito En has no motorsport presence anywhere - the Japanese Grand Prix and F1's Asian broadcast growth are open white space for a fast-growing beverage brand.,yes,PS2
206,Japan Airlines,jal.com,Japan,Airline,mlb,"New MLB corporate partner as of the 2025 season, tied to MLB's growing Japanese player pipeline.",n/a (undisclosed),"~34,000","Japan's flag carrier, $12B+ in annual revenue; just signed on as a new MLB sponsor.","Qatar Airways and Emirates own F1's airline-sponsor lane - JAL has none, despite F1's growing following in Japan (Suzuka) and now paying for MLB rights.",yes,PS2
207,Progressive Corporation,progressive.com,USA,Insurance,mlb,"Naming-rights holder of Progressive Field, home of the Cleveland Guardians, since 2008.","n/a (undisclosed, reported ~$3.6M/yr on original deal)","~66,000","Top-3 US auto insurer, $75B+ in annual revenue; already funds an MLB stadium-naming deal.",Progressive has stayed out of motorsport beyond its baseball park naming - F1's expanding US calendar is untapped inventory for an insurer this size.,yes,PS2
208,Amica Mutual Insurance,amica.com,USA,Insurance,nba,Jersey patch sponsor of the Boston Celtics for the 2025-26 season.,n/a (undisclosed),"~4,000",Amica underwrites billions in premiums annually; already funds a marquee NBA jersey-patch deal.,F1's growing Northeast US fanbase (US GP media coverage) is untapped for a regional insurer already spending at NBA scale.,,PS2
209,Bibigo (CJ CheilJedang),bibigo.com,South Korea,Food & Beverage,nba,Jersey patch sponsor of the Los Angeles Lakers for 2025-26.,n/a (undisclosed),"~40,000 (CJ Group)",CJ Group subsidiary with billions in global food revenue; already funds one of the NBA's highest-profile jersey patches.,Korean conglomerates are increasingly active in global sports marketing but absent from F1 - the Lakers patch shows Bibigo's parent will spend at this tier.,,PS2
210,Chime Financial,chime.com,USA,Fintech / Digital Banking,nba,Jersey patch sponsor of the Dallas Mavericks for 2025-26.,n/a (undisclosed),"~1,500",Newly public neobank (2025 IPO) valued in the billions; already funds an NBA jersey-patch deal.,"Fintech is the single most active category in F1 sponsorship (Visa, Crypto.com) - a newly public challenger brand like Chime needs exactly this kind of stage.",yes,PS2
211,Cleveland-Cliffs,clevelandcliffs.com,USA,Steel / Mining,nba,Jersey patch sponsor of the Cleveland Cavaliers for 2025-26.,n/a (undisclosed),"~28,000","Public steelmaker, $20B+ in annual revenue; already funds an NBA jersey patch.","Industrial suppliers to motorsport (chassis materials, aero components) rarely brand F1 directly - Cleveland-Cliffs' NBA spend shows budget for exactly this kind of visibility play.",,PS2
212,GEICO (Berkshire Hathaway),geico.com,USA,Insurance,nba,Longtime NBA advertising and marketing partner (in-arena and broadcast sponsorships across multiple teams).,n/a (undisclosed),"~30,000",Berkshire Hathaway subsidiary; one of the largest auto insurers in the US with tens of billions in premiums written.,GEICO already spends heavily on NASCAR and NBA advertising - F1's US TV audience growth is a direct extension of that same playbook.,yes,PS2
213,Ibotta,ibotta.com,USA,Fintech / Cashback Rewards,nba,Jersey patch sponsor of the Denver Nuggets for 2025-26.,n/a (undisclosed),~700,"Public cashback-rewards platform, $300M+ annual revenue; already funds an NBA jersey patch.","Ibotta's core demographic (deal-savvy, mobile-first shoppers) increasingly follows F1's US broadcasts - an easy audience-overlap pitch.",yes,PS2
214,Ledger,ledger.com,France,Crypto Hardware / Fintech,nba,Jersey patch sponsor of the San Antonio Spurs for 2025-26.,n/a (undisclosed),~700,Private crypto-security company valued over $1B; already funds an NBA jersey-patch deal.,Crypto.com and OKX already occupy F1's crypto-sponsor lane - Ledger's hardware-wallet niche is a distinct angle still open on the grid.,,PS2
215,Love's Travel Stops,loves.com,USA,Travel / Fuel Retail,nba,Jersey patch sponsor of the Oklahoma City Thunder for 2025-26.,n/a (undisclosed),"~40,000","Private, family-owned travel-center chain with $24B+ in annual revenue; already funds an NBA jersey patch.",Love's fuels America's highways including race-weekend traffic corridors - F1's expanding US calendar is an easy geographic and brand fit.,yes,PS2
216,Motorola Solutions,motorolasolutions.com,USA,Technology / Communications,nba,Jersey patch sponsor of both the Milwaukee Bucks and Chicago Bulls for 2025-26.,"n/a (undisclosed, two-team deal)","~21,000","Public technology company, $10B+ annual revenue; already funds two simultaneous NBA jersey-patch deals.","Motorola holding two NBA patches shows real sports-marketing appetite that F1's data-heavy, tech-forward broadcasts could extend.",yes,PS2
217,Paze (Early Warning Services),paze.com,USA,Fintech / Digital Wallet,nba,Jersey patch sponsor of the Atlanta Hawks for 2025-26.,n/a (undisclosed),"~1,300","Backed by a consortium of the largest US banks (JPMorgan, BofA, Wells Fargo, others); already funds an NBA jersey-patch deal.",Digital-wallet brands are fighting for share of wallet in fast-growing sports audiences - F1's US expansion is prime real estate still unclaimed.,,PS2
218,Rakuten,rakuten.com,Japan,E-commerce / Fintech,nba,"Jersey patch sponsor of the Golden State Warriors for 2025-26; also a longtime global sports sponsor (FC Barcelona, Golden State prior deals).",n/a (undisclosed),"~28,000","Public Japanese conglomerate, $15B+ annual revenue; already funds marquee sponsorships across NBA and global soccer.","Rakuten has proven willingness to pay for global sports branding (soccer, NBA) - F1's genuinely global calendar is the next logical platform.",yes,PS2
219,Robinhood Markets,robinhood.com,USA,Fintech / Trading,nba,"Jersey patch sponsor of three NBA teams simultaneously - Miami Heat, Memphis Grizzlies and Washington Wizards - for 2025-26.","n/a (undisclosed, three-team deal)","~2,300","Public trading platform, $2B+ annual revenue and rapidly growing; already funds three concurrent NBA jersey patches.","No brand has shown more appetite for stacking major US sports patches than Robinhood - F1's young, affluent US audience is a natural next stop.",yes,PS2
220,Sezzle,sezzle.com,USA,Fintech / Buy Now Pay Later,nba,Jersey patch sponsor of the Minnesota Timberwolves for 2025-26.,n/a (undisclosed),~700,"Public BNPL fintech, revenue growing 60%+ year over year; already funds an NBA jersey-patch deal.",F1's rapidly growing Gen Z/millennial US fanbase mirrors Sezzle's core BNPL demographic exactly.,yes,PS2
221,StockX,stockx.com,USA,E-commerce / Resale,nba,Jersey patch sponsor of the Detroit Pistons for 2025-26.,n/a (undisclosed),"~1,000",Private resale marketplace valued at $3.8B+; already funds an NBA jersey patch.,F1 merchandise and streetwear culture (team collabs) is booming - StockX's resale-market audience overlaps heavily with F1's younger fanbase.,yes,PS2
222,Sun Life Financial,sunlife.com,Canada,Insurance,nba,Jersey patch sponsor of the Toronto Raptors for 2025-26.,n/a (undisclosed),"~30,000","Public Canadian insurer, C$40B+ annual revenue; already funds an NBA jersey patch.",F1 has no major Canadian insurer among its partners despite the Canadian Grand Prix - Sun Life's Toronto NBA deal shows it will spend at this level.,yes,PS2
223,The Walt Disney Company,disney.com,USA,Media & Entertainment,nba,Jersey patch sponsor of the Orlando Magic (home-market tie-in) for 2025-26.,n/a (undisclosed),"~225,000","Global media giant, $90B+ annual revenue; already funds an NBA jersey patch on top of broadcast rights across leagues.","Disney/ESPN covers F1 in the US but the corporate parent has no F1 sponsorship presence, unlike its NBA patch investment.",yes,PS2
224,Tissot (Swatch Group),tissot.ch,Switzerland,Watches / Luxury Goods,nba,NBA's official timekeeper and courtside shot-clock/watch partner.,n/a (undisclosed),"~30,000 (Swatch Group)",Swatch Group parent generates CHF 6B+ in annual revenue; already funds a league-wide NBA timekeeping partnership.,TAG Heuer (LVMH) is F1's official timekeeper - Tissot's sister-brand rivalry (Swatch Group vs LVMH) gives it direct competitive motive to counter in a rival series.,yes,PS2
225,Acrisure,acrisure.com,USA,Insurance Brokerage / Fintech,nfl,"Naming-rights holder of Acrisure Stadium, home of the Pittsburgh Steelers.",n/a (undisclosed multi-year deal),"~17,000",Private insurance-fintech unicorn valued at $23B+ with $4B+ revenue; already funds NFL naming rights.,Acrisure has aggressively bought stadium and team naming rights across US sports - F1's global broadcast reach is a natural next buy.,yes,PS2
226,Allegiant Travel Company,allegiantair.com,USA,Travel / Airline,nfl,"Naming-rights holder of Allegiant Stadium, home of the Las Vegas Raiders, since 2020.",~$20-25M/yr (20-year naming rights deal),"~4,500",Public airline holding company with $2B+ annual revenue; already committed to a nine-figure stadium deal.,"F1's Las Vegas Grand Prix runs blocks from Allegiant Stadium, giving this Vegas-based sponsor an obvious hometown tie-in it doesn't yet use.",,PS2
227,Anheuser-Busch (Bud Light/Budweiser),anheuser-busch.com,USA,Beverage - Beer,nfl,NFL's official beer sponsor since 2011 in a long-running exclusive multi-brand deal.,~$150M+ over multi-year renewals (reported),"~18,000 (US ops; AB InBev ~164,000 globally)",AB InBev global revenue ~$60B; already the single largest beer advertiser across US sports.,"Heineken owns F1's global beer rights, but Vegas/Miami/Austin race weekends are prime AB InBev territory it can't currently touch.",,PS2
228,DraftKings,draftkings.com,USA,Sports Betting / Fantasy,nfl,NFL's official sports-betting co-partner and exclusive official fantasy football partner.,n/a (undisclosed),"~4,700","Public company, ~$5B annual revenue; already pays for top-tier NFL betting and fantasy rights.","F1 has no marquee US betting partner yet even as its Las Vegas, Miami and Austin races draw heavy wagering interest - a clear white space for a scaled operator.",yes,PS2
229,Empower,empower.com,USA,Financial Services - Retirement,nfl,"Naming-rights holder of Empower Field at Mile High, home of the Denver Broncos.",n/a (undisclosed),"~7,000","One of the largest US retirement-services providers, $1.7 trillion+ in assets under administration.","Empower rebranded aggressively into sports (NFL, PGA Tour Champions) - F1's international reach fits its brand-awareness push.",,PS2
230,EverBank,everbank.com,USA,Banking,nfl,"Naming-rights holder of EverBank Stadium, home of the Jacksonville Jaguars.",n/a (undisclosed),~700,Digital bank with $37B+ in assets under Jacksonville-based ownership; already funds NFL stadium naming.,F1's Miami Grand Prix has turned Florida into an F1 hotbed - a fellow Florida-headquartered bank has an easy regional story to tell.,,PS2
231,Highmark Health,highmark.com,USA,Health Insurance,nfl,"Naming-rights holder of Highmark Stadium, home of the Buffalo Bills.","n/a (undisclosed, renewed 2023)","~35,000",Nonprofit health system/insurer with $27B+ in annual revenue; already funds NFL stadium naming rights.,Regional insurers rarely touch global motorsport - F1's expanding US footprint offers Highmark a national stage beyond western New York.,,PS2
232,Huntington Bancshares,huntington.com,USA,Banking,nfl,"Naming-rights holder of Huntington Bank Field, home of the Cleveland Browns.",n/a (undisclosed),"~20,000","Public regional bank holding company, ~$200B in assets; already funds NFL stadium naming rights.",Regional banks have been notably absent from F1's sponsor roster - Huntington's NFL commitment shows budget and appetite for stadium-scale sports marketing.,yes,PS2
233,Levi Strauss & Co.,levi.com,USA,Apparel,nfl,"Naming-rights holder of Levi's Stadium, home of the San Francisco 49ers.",~$11M/yr (~$220M over 20 years),"~19,000","Public apparel company, $6B+ in annual revenue; already funds one of the NFL's marquee stadium-naming deals.","Puma and Tommy Hilfiger own F1 apparel visibility - Levi's has none, despite already paying nine figures for NFL stadium branding.",yes,PS2
234,Lincoln Financial Group,lincolnfinancial.com,USA,Financial Services / Insurance,nfl,"Naming-rights holder of Lincoln Financial Field, home of the Philadelphia Eagles.","n/a (undisclosed, ~$139.6M/20-year original deal)","~10,000",Fortune 500 insurer/asset manager with $17B+ in annual revenue; already funds an NFL stadium-naming deal.,F1's newly minted US fanbase skews younger and wealthier - exactly the demographic Lincoln Financial is chasing beyond its NFL buy.,yes,PS2
235,Lumen Technologies,lumen.com,USA,Telecommunications,nfl,"Naming-rights holder of Lumen Field, home of the Seattle Seahawks and Sounders.",n/a (undisclosed long-term deal),"~28,000",Public telecom with $12B+ annual revenue; already committed to a marquee NFL stadium-naming deal.,"Telecom rivals AWS and Lenovo already have F1 tech-partner status - Lumen has none, despite paying for equivalent NFL exposure.",yes,PS2
236,M&T Bank,mtb.com,USA,Banking,nfl,"Naming-rights holder of M&T Bank Stadium, home of the Baltimore Ravens.",n/a (undisclosed),"~22,000",Public regional bank with ~$210B in assets; already funds an NFL stadium-naming deal.,Regional banks like M&T rarely get international exposure - F1's global broadcast footprint would be a rare reach extension beyond its Mid-Atlantic base.,yes,PS2
237,Nissan North America,nissanusa.com,USA,Automotive,nfl,"Naming-rights holder of Nissan Stadium, home of the Tennessee Titans.","n/a (undisclosed, ~$60M/20-year deal)","~15,000 (US)","Global automaker, parent Nissan Motor revenue ~$85B; already committed to a nine-figure NFL naming deal.","Nissan built its brand on motorsport heritage (GT-R, Le Mans) but has no current F1 tie, unlike rivals now entering via Cadillac/Honda/Ford.",yes,PS2
238,PayPal,paypal.com,USA,Fintech / Payments,nfl,"NFL's official peer-to-peer payments partner in a new multiyear deal, plus an NBA Phoenix Suns jersey patch.",n/a (undisclosed),"~29,000",Public fintech with ~$32B annual revenue; simultaneously funds NFL league rights and an NBA patch deal.,"Payments rivals are entering motorsport quickly; F1's global fintech-sponsor field (Visa, Crypto.com) is still open to a challenger like PayPal.",yes,PS2
239,Raymond James Financial,raymondjames.com,USA,Financial Services,nfl,"Naming-rights holder of Raymond James Stadium, home of the Tampa Bay Buccaneers.",n/a (undisclosed),"~19,000","Public financial-services firm, $13B+ in annual net revenue; already funds NFL stadium naming rights.",F1's Miami race has turned Florida into a magnet for financial-services sponsors - a fellow Florida-based firm has a built-in home-market pitch.,yes,PS2
240,SoFi Technologies,sofi.com,USA,Fintech,nfl,"Naming-rights holder of SoFi Stadium, home of the LA Rams and Chargers, in a 20-year deal.",~$30M/yr (~$625M over 20 years),"~4,700","Public fintech, revenue >$2.6B and growing; already funds one of the most expensive stadium-naming deals in sports.",SoFi has shown it will spend nine figures for sports visibility; F1's Miami/Vegas fintech-friendly crowd is untapped.,yes,PS2
241,US Bank,usbank.com,USA,Financial Services - Banking,nfl,Banking and wealth-management partner of the NFL; sponsors the league's MVP award from Super Bowl LXI.,n/a (undisclosed),"~70,000",Top-5 US bank with ~$650B in assets; already committed to a new NFL award sponsorship.,"US Bank just expanded its NFL footprint, showing appetite for high-visibility sports platforms - F1's US growth is the natural next stage.",yes,PS2
242,Bridgestone,bridgestone.com,Japan,Tires,nhl,Presenting sponsor of the NHL Winter Classic for over a decade.,n/a (undisclosed),"~110,000","World's largest tire manufacturer, $30B+ annual revenue; already funds a marquee NHL event-naming sponsorship.","Pirelli holds F1's exclusive tire supply, but Bridgestone already supplies MotoGP and WEC and has the scale to challenge for future F1 tire or marketing rights.",yes,PS2
243,CCM Hockey / Bauer Hockey,bauer.com,Canada,Sporting Goods,nhl,Official on-ice equipment and base-layer apparel supplier to the NHL.,n/a (undisclosed league-wide equipment deal),"~1,000",Leading hockey-equipment manufacturer with hundreds of millions in annual revenue; already the NHL's official gear supplier.,"Performance apparel brands have found a home in F1 (Puma, Tommy Hilfiger) but hockey-specific gearmakers like Bauer have never crossed over despite comparable budgets.",,PS2
244,Discover Financial Services,discover.com,USA,Financial Services / Payments,nhl,Major NHL sponsor and card-payments partner.,n/a (undisclosed),"~20,000","Public payments and banking company, $16B+ in annual revenue; already funds NHL sponsorship and long-running college-football bowl sponsorships.","Visa is F1's card-payments partner - Discover, a direct network competitor, has clear rivalry motive plus existing budget proven through NHL and bowl-game deals.",yes,PS2
245,Enterprise Rent-A-Car (Enterprise Mobility),enterprise.com,USA,Car Rental / Mobility,nhl,Official rental-car partner of the NHL.,n/a (undisclosed),"~90,000","Private mobility giant, $35B+ in annual revenue; already funds an NHL league-wide partnership.",Hertz and Avis have flirted with motorsport but F1 has no dedicated US rental-car partner despite race-weekend travel demand at every US Grand Prix.,yes,PS2
246,Frito-Lay (Lay's / PepsiCo),fritolay.com,USA,Food & Beverage - Snacks,nhl,Official snack partner of the NHL.,n/a (undisclosed),"~318,000 (PepsiCo)",PepsiCo revenue ~$92B; Lay's is a multi-billion-dollar global snack brand already funding NHL rights.,"PepsiCo brands are absent from F1's grid despite race-day snacking occasions and a young, growing US fanbase perfect for Lay's marketing.",,PS2
247,Molson Coors Beverage Company,molsoncoors.com,USA/Canada,Beverage - Beer,nhl,Major NHL beer sponsor across multiple team and league-level deals.,n/a (undisclosed),"~15,700","Public beverage giant, $11B+ in annual revenue; already funds extensive NHL sponsorship inventory.","Heineken holds F1's global beer rights, but Molson Coors has zero presence in a sport rapidly growing across its core North American beer markets.",,PS2
248,Rogers Communications,rogers.com,Canada,Telecommunications / Media,nhl,Major NHL broadcast and sponsorship partner in Canada.,n/a (undisclosed),"~26,000","Canada's largest telecom/media company, C$20B+ in annual revenue; already funds NHL rights at scale.","F1's Canadian Grand Prix draws huge national interest, yet Canada's biggest telecom-media company has no direct F1 sponsorship presence.",yes,PS2
249,Toyota Motor North America,toyota.com,Japan/USA,Automotive,nhl,Official vehicle partner of the NHL.,n/a (undisclosed),"~380,000 (global)","World's largest automaker by volume, $300B+ global revenue; already funds NHL and extensive US motorsport (NASCAR, IndyCar).",Toyota races in NASCAR and IndyCar but has been absent from F1 since 2009 - the sport's US resurgence reopens exactly the market it once left.,yes,PS2
250,Bacardi (Grey Goose),bacardi.com,Bermuda,Spirits,tennis,Official vodka sponsor of the US Open.,n/a (undisclosed),"~8,000","World's largest privately held spirits company, $5B+ in annual revenue; already funds a Grand Slam sponsorship.","Moët Hennessy (LVMH) owns F1's spirits presence - Bacardi, a direct global rival, has strong competitive motive and proven Grand Slam-level budget.",,PS2
251,BNP Paribas,bnpparibas.com,France,Banking,tennis,Main partner of the French Open (Roland-Garros) since 1973.,n/a (undisclosed),"~183,000","One of the world's largest banks, €50B+ in annual revenue; already one of tennis's longest-running sponsors (52+ years).",F1 has no major continental-European bank sponsor despite the sport's deep European roots - BNP Paribas' five-decade tennis commitment shows exactly this kind of long-horizon sports investment appetite.,yes,PS2
252,Chubb Limited,chubb.com,Switzerland/USA,Insurance,tennis,Official sponsor of the US Open.,n/a (undisclosed),"~40,000","World's largest publicly traded property-casualty insurer, $54B+ in annual revenue; already funds a Grand Slam sponsorship.",Global insurers with F1-scale budgets remain largely absent from the sport - Chubb's Grand Slam commitment shows it plays in the right sponsorship tier.,yes,PS2
253,Davide Campari-Milano (Aperol),camparigroup.com,Italy,Spirits,tennis,Official spirits partner of the US Open.,n/a (undisclosed),"~4,000","Public Italian spirits group, €3B+ in annual revenue; already funds a Grand Slam sponsorship.","Aperol's summer/lifestyle branding fits F1's European race-weekend culture (Monaco, Italy, Miami) perfectly, yet it has no current F1 presence.",yes,PS2
254,Evian (Danone),evian.com,France,Beverage - Bottled Water,tennis,Official water partner of Wimbledon for over 30 years.,n/a (undisclosed),"~90,000 (Danone)",Danone Group revenue exceeds $27B annually; Evian alone funds one of tennis's longest continuous sponsorships.,F1 has no dedicated bottled-water partner despite trackside hydration being a constant visual at every race - open category white space for Evian.,yes,PS2
255,Haier Group,haier.com,China,Consumer Electronics / Appliances,tennis,Official Home and Entertainment Partner and Gold Partner of the ATP Tour through 2028.,n/a (undisclosed),"~100,000","One of the world's largest appliance makers, $40B+ in annual revenue; already funds a multi-year global ATP partnership.","Lenovo's F1 deal shows Chinese tech/appliance brands are actively buying into F1 - Haier, a direct scale peer, has no equivalent presence yet despite comparable ATP spend.",yes,PS2
256,IHG Hotels & Resorts,ihg.com,UK,Hospitality,tennis,Official hotel partner of the US Open.,n/a (undisclosed),"~14,000 (corporate; system-wide far larger)","One of the world's largest hotel groups, $5B+ in annual revenue across 6,000+ hotels; already funds a Grand Slam hospitality partnership.","F1 race weekends drive massive hotel demand in host cities (Vegas, Miami, Austin) yet IHG has no official F1 partnership despite comparable Grand Slam spend.",yes,PS2
257,Jaguar Land Rover (Range Rover),landrover.com,UK,Automotive - Luxury,tennis,Official vehicle partner of Wimbledon.,n/a (undisclosed),"~35,000","Tata Motors-owned luxury automaker, £20B+ in annual revenue; already funds Wimbledon's official car partnership.","Aston Martin's F1 presence has raised the bar for British luxury automakers in motorsport - Range Rover has none, despite comparable Wimbledon-level spend.",,PS2
258,JPMorgan Chase,jpmorganchase.com,USA,Banking,tennis,Global Partner of the US Open (J.P. Morgan) and Chase-branded fan experiences.,n/a (undisclosed),"~317,000","World's largest bank by assets, $180B+ in annual revenue; already a headline US Open sponsor.","Visa and Mastercard are locked into F1's payments-sponsor category, but the world's biggest bank by assets has no F1 presence at all.",yes,PS2
259,Kia Corporation,kia.com,South Korea,Automotive,tennis,"Largest sponsor of the Australian Open by annual value, estimated at $15M/yr.",~$15M/yr (reported),"~52,000","Major global automaker, $65B+ in annual revenue; already the Australian Open's single largest sponsor.",Kia's affordable-performance brand positioning and existing motorsport programs (WRC) give it a clear rationale to extend into F1's growing global audience.,yes,PS2
260,La Roche-Posay (L'Oréal),laroche-posay.us,France,Beauty / Skincare,tennis,Official skincare partner of the US Open.,n/a (undisclosed),"~90,000 (L'Oréal)",L'Oréal Group revenue exceeds $45B annually; already funds a Grand Slam skincare sponsorship.,"Beauty and lifestyle brands have started appearing around F1's paddock culture, but L'Oréal has no direct F1 tie despite comparable Grand Slam investment.",,PS2
261,Lacoste,lacoste.com,France,Apparel,tennis,"Premium partner of the French Open, extended through 2030.",n/a (undisclosed),"~4,600","Global apparel brand under Maus Frères, $2B+ in annual revenue; already a marquee, decades-long French Open sponsor.","Puma and Tommy Hilfiger anchor F1's apparel category, but fellow lifestyle-sport brand Lacoste has never crossed into motorsport despite comparable tennis-sponsorship scale.",yes,PS2
262,Lavazza,lavazza.com,Italy,Beverage - Coffee,tennis,Official coffee partner of the US Open.,n/a (undisclosed),"~4,000","Major Italian coffee company, €2.7B+ in annual revenue; already funds a Grand Slam sponsorship.","Italian brands have deep motorsport heritage (Ferrari, Pirelli) yet Lavazza has no F1 tie despite comparable US Open spend and F1's growing Italian/US crossover audience.",,PS2
263,"Mars, Incorporated (M&M's)",mars.com,USA,Confectionery,tennis,New Australian Open sponsor as of 2025.,n/a (undisclosed),"~140,000","Private confectionery and pet-care giant, $50B+ in annual revenue; just signed on as a new Grand Slam sponsor.",Confectionery brands are almost entirely absent from F1 despite race-day being a major snacking/viewing occasion for younger fans - a fresh Australian Open deal shows Mars is actively expanding into sports sponsorship.,yes,PS2
264,Ralph Lauren Corporation,ralphlauren.com,USA,Apparel,tennis,"Official outfitter of the US Open for over 20 years (ballkids, umpires, staff uniforms).",n/a (undisclosed),"~13,000","Public luxury apparel company, $6.6B+ in annual revenue; already funds one of tennis's longest-running sponsorships.","Tommy Hilfiger owns F1 apparel visibility - direct rival Ralph Lauren has none, despite a two-decade-plus tennis commitment at comparable spend.",yes,PS2
265,Wilson Sporting Goods,wilson.com,USA,Sporting Goods,tennis,"Official ball supplier of the US Open (and equipment supplier across NFL, MLB and NBA).",n/a (undisclosed),"~2,000","Owned by Amer Sports (public, $5B+ revenue); already the official equipment supplier across multiple major US leagues plus tennis.","Wilson already spans nearly every major US sport's equipment contracts - F1's technical/performance-gear culture (driver equipment, team merchandise) is the one major series it hasn't entered.",,PS2
266,Yokohama Rubber Company,y-yokohama.com,Japan,Tires,tennis,"Global tire partner of the ATP Tour, renewed through 2028.",n/a (undisclosed),"~24,000","Major global tire manufacturer, $6B+ in annual revenue; already funds a multi-year global ATP tour partnership.","Pirelli's F1 exclusivity shuts out every rival tire brand from the grid itself, but Yokohama's proven willingness to fund global tennis rights shows appetite for equivalent off-track F1 marketing and paddock presence.",yes,PS2
