#,company,domain,hq_country,niche,employees_est,size_band,tag,affordability,why_f1,already_in_earlier_list,source_batch
1,Access Group,theaccessgroup.com,UK,Business management software (finance/HR/ERP) for mid-market,4800,1k-5k,core,Hg Capital-backed; revenue reported >£500M — core gate (a),UK mid-market software champion with Hg backing seeking scaled brand exposure,,P02a
2,ADP (WorkMarket),workmarket.com,USA,Vendor management system (VMS) for freelance/contract labor,60000,10k+,core,"Public parent ADP (Nasdaq: ADP); FY revenue >$18B, 60,000+ employees","Payroll/HCM giant's VMS unit, backed by a parent with deep sports-marketing budgets.",,P02b
3,Advanced (OneAdvanced),oneadvanced.com,UK,"Finance, HR & sector ERP software, BC Partners-owned",2600,1k-5k,core,BC Partners-backed; revenue reported >£300M — core gate (a),UK enterprise software group seeking marquee sponsorship to support international growth,,P02a
4,Adyen,adyen.com,Netherlands,Payment infrastructure (incl. B2B disbursements),4500,1k-5k,core,Public (Euronext Amsterdam: ADYEN); FY revenue >€1.6B,Large-cap European payments infrastructure company with global enterprise reach and sponsorship capacity.,yes,P02b
5,Alibaba.com,alibaba.com,China,B2B indirect-spend sourcing marketplace,200000,10k+,core,Public parent Alibaba Group (NYSE: BABA); FY revenue >$130B,"World's largest B2B sourcing marketplace for indirect spend, with vast global sponsorship capacity.",yes,P02b
6,Allegis Global Solutions,allegisglobalsolutions.com,USA,VMS / MSP services procurement,2000,1k-5k,core,"Owned by Allegis Group (private staffing conglomerate); parent revenue >$14B, 10,000+ employees",Large privately held MSP/VMS provider with the scale and revenue to fund premium sponsorship.,,P02b
7,Anaplan,anaplan.com,USA,"Connected planning / FP&A platform, Thoma Bravo-owned",2200,1k-5k,core,Acquired by Thoma Bravo 2022 for $10.7B; pre-deal revenue >$700M — core gate (a),Category-defining FP&A platform with the scale to headline a finance-tech F1 partnership,yes,P02a
8,AppFolio,appfolio.com,USA,Property-management vertical ERP/finance platform,2100,1k-5k,core,Public (NASDAQ: APPF); revenue >$700M — core gate (a),Public property-management ERP leader with growth budget for premium marketing,,P02a
9,Avalara,avalara.com,USA,Tax compliance automation at scale,5300,5k-10k,core,Taken private by Vista Equity 2022 for $8.4B; revenue >$1B — core gate (a),Scaled tax-automation platform with the budget to headline a global finance-tech campaign,yes,P02a
10,AvidXchange,avidxchange.com,USA,AP automation & B2B payments,1700,1k-5k,core,Public (Nasdaq: AVDX); FY revenue ~$430M,Public AP-automation leader with the balance sheet to fund a marquee sports platform.,yes,P02b
11,Basware,basware.com,Finland,e-Invoicing & purchase-to-pay,1500,1k-5k,core,"Publicly listed (Nasdaq Helsinki); FY revenue ~€180-200M and growing, decades of profitability",European e-invoicing leader with a customer base concentrated in F1's home markets.,yes,P02b
12,Beeline,beeline.com,USA,Vendor management system (VMS) / contingent workforce,1000,250-1k,core,PE-owned (New Mountain Capital); est. annual revenue $200M+ from Fortune 500 VMS contracts,Leading Fieldglass rival managing billions in contingent-labor spend for large enterprises.,,P02b
13,Bill.com,bill.com,USA,AP/AR automation for SMB/mid-market,2900,1k-5k,core,Public (NYSE: BILL); revenue >$1.2B — core gate (a),Public AP/AR automation leader with balance sheet to fund a headline sponsorship,yes,P02a
14,BlackLine,blackline.com,USA,Financial close & account reconciliation automation,1800,1k-5k,core,Public (NASDAQ: BL); revenue >$650M — core gate (a),Category-creating close/consolidation leader with scale for a marquee finance-tech sponsorship,yes,P02a
15,Board International,board.com,Switzerland,"Unified FP&A, BI and predictive analytics platform, Vector Capital-backed",1300,1k-5k,core,Vector Capital-backed; revenue estimated >$200M — core gate (a),European FP&A/BI platform seeking a premium global stage against Anaplan/OneStream,yes,P02a
16,Bottomline Technologies,bottomline.com,USA,AP automation & business payments (Paymode-X),1900,1k-5k,core,"Taken private by Thoma Bravo (2022, ~$2.6B deal); pre-deal revenue ~$460M",Established B2B payments/AP network with PE scale behind a fresh brand push.,yes,P02b
17,C.H. Robinson,chrobinson.com,USA,Freight brokerage & digital procurement (Navisphere),15000,10k+,core,Public (Nasdaq: CHRW); FY revenue >$17B,Global logistics giant with a digital freight-procurement platform and scale to sustain top-tier sponsorship.,yes,P02b
18,CDW,cdw.com,USA,IT indirect-spend procurement,15000,10k+,core,Public (Nasdaq: CDW); FY revenue >$21B,Large-cap IT procurement company with an established US sports-sponsorship history to build on.,yes,P02b
19,Comarch,comarch.com,Poland,EDI & e-invoicing,6500,5k-10k,core,"Public (Warsaw Stock Exchange); group revenue >$500M, 6,000+ employees","Public European IT group with a strong EDI/e-invoicing line and 6,000+ headcount clearing the scale gate.",,P02b
20,Conexiom,conexiom.com,Canada,Sales order & AP document automation,200,100-250,core,"Owned by Ricoh (public, Tokyo-listed); parent revenue >$14B",Document-automation platform backed by a global public parent with deep sponsorship experience.,,P02b
21,Conga,conga.com,USA,"CPQ, contract lifecycle & revenue management, Thoma Bravo-owned",1300,1k-5k,core,Thoma Bravo-owned; revenue estimated >$300M — core gate (a),PE-backed CPQ/revenue platform seeking unified global brand recognition,,P02a
22,Corpay (Nvoicepay),corpay.com,USA,AP payment automation,11000,10k+,core,Public (NYSE: CPAY); FY revenue >$3.9B,Large-cap corporate-payments company already active in golf sponsorship; F1 extends its global reach.,yes,P02b
23,Coupa Software,coupa.com,USA,Business Spend Management (procurement/AP/expense),3000,1k-5k,core,Taken private by Thoma Bravo 2023 for $8B; pre-deal revenue >$700M — core gate (a),Category-leading spend-management platform with the budget to headline a finance-tech F1 activation,yes,P02a
24,DAT Freight & Analytics,dat.com,USA,Freight rate & sourcing marketplace,800,250-1k,core,Owned by Roper Technologies (NYSE: ROP); parent FY revenue >$5.6B,"North America's largest freight marketplace, backed by a public industrial-software conglomerate.",,P02b
25,Descartes Systems Group,descartes.com,Canada,Logistics network & freight procurement/customs,2100,1k-5k,core,Public (Nasdaq: DSGX/TSX: DSG); FY revenue ~$550M,Public logistics-network platform underpinning global freight procurement and customs compliance.,yes,P02b
26,dLocal,dlocal.com,Uruguay,Cross-border payments (emerging markets B2B),900,250-1k,core,Public (Nasdaq: DLO); FY revenue ~$600M,Public emerging-markets payments platform seeking global brand recognition to support international expansion.,yes,P02b
27,DocuSign,docusign.com,USA,e-Signature & contract lifecycle management,7000,5k-10k,core,Public (Nasdaq: DOCU); FY revenue ~$2.8B,Large-cap contract/agreement platform with brand budget to spare and a consumer-facing name.,yes,P02b
28,Dun & Bradstreet,dnb.com,USA,Supplier master data & third-party risk,6000,5k-10k,core,Public (NYSE: DNB); FY revenue >$2.3B,Public data provider whose supplier-risk/master-data products sit inside most large procurement stacks.,yes,P02b
29,E2open,e2open.com,USA,Supply chain & logistics execution platform,3000,1k-5k,core,Public (NYSE: ETWO); FY revenue >$600M,"Public end-to-end supply-chain platform spanning procurement, logistics and trade compliance.",yes,P02b
30,Echo Global Logistics,echo.com,USA,Freight brokerage & procurement technology,2000,1k-5k,core,"Acquired by The Jordan Company (2021, ~$1.3B deal); multi-billion-dollar freight volume under management",PE-backed freight-procurement technology platform with logistics scale relevant to F1's global race calendar.,yes,P02b
31,ePlus,eplus.com,USA,IT indirect-spend procurement & financing,1900,1k-5k,core,Public (Nasdaq: PLUS); FY revenue >$2B,Public IT-procurement and financing platform serving indirect-spend buyers at enterprise scale.,yes,P02b
32,Esker,esker.com,France,AP/AR & procure-to-pay automation,900,250-1k,core,Public (Euronext Paris); FY revenue ~€180-200M and growing double digits,Public European AP/P2P automation vendor with a decades-long profitable track record.,yes,P02b
33,Fastenal,fastenal.com,USA,MRO & indirect-spend vendor-managed inventory,23000,10k+,core,Public (Nasdaq: FAST); FY revenue >$7B,Large-cap MRO/indirect-spend distributor with an industrial-buyer base overlapping F1 engineering suppliers.,,P02b
34,GEP,gep.com,USA,Procurement & supply chain software/services,1700,1k-5k,core,"Private, profitably scaled; revenue estimated >$300M — core gate (a)","Global procurement platform serving F1-adjacent industrials (auto, manufacturing) wanting brand halo",,P02a
35,Global Payments (MineralTree),globalpayments.com,USA,AP automation (MineralTree),27000,10k+,core,Public (NYSE: GPN); FY revenue >$9B,Fortune 500 payments company with an AP-automation unit and existing sports-sponsorship appetite.,yes,P02b
36,Grainger,grainger.com,USA,Indirect/MRO spend B2B marketplace,26000,10k+,core,Public (NYSE: GWW); FY revenue >$16B,Large-cap MRO/indirect-spend platform with ample sponsorship budget and industrial-buyer alignment.,,P02b
37,Insight Enterprises,insight.com,USA,IT indirect-spend procurement & services,14000,10k+,core,Public (Nasdaq: NSIT); FY revenue >$9B,Large-cap IT procurement/reseller platform with global enterprise reach and sponsorship budget.,yes,P02b
38,insightsoftware,insightsoftware.com,USA,"Reporting, FP&A & close/consolidation platform rollup, TA Associates/Clearlake-owned",3000,1k-5k,core,TA Associates/Clearlake-backed rollup; revenue reported >$500M — core gate (a),PE-backed CFO-stack consolidator wanting one global brand across its many acquisitions,,P02a
39,Intuit,intuit.com,USA,"SMB accounting & tax software at massive scale (QuickBooks, TurboTax)",18000,10k+,core,Public (NASDAQ: INTU); revenue >$16B — core gate (a)/(b),Category-defining accounting/tax software giant with ample budget for global sports marketing,yes,P02a
40,IRIS Software Group,iris.co.uk,UK,"Accounting, payroll & compliance software at scale",2700,1k-5k,core,Hg/Leonard Green-backed; revenue reported >£400M — core gate (a),Accounting-software leader for UK accountancy firms wanting elevated brand cachet,,P02a
41,ISN (ISNetworld),isnetworld.com,USA,Contractor/supplier prequalification & risk,700,250-1k,core,"Privately held, highly profitable; est. annual revenue $300M+ across the largest hirer/contractor network in North America",Dominant contractor-prequalification network in energy/industrial sectors with F1-adjacent supplier overlap.,,P02b
42,Jaggaer,jaggaer.com,USA,"Source-to-pay procurement software, Cinven-owned",1300,1k-5k,core,Cinven-owned; revenue estimated >$200M — core gate (a),PE-backed procurement suite wanting differentiated marketing vs. Coupa/SAP Ariba,yes,P02a
43,Kinaxis,kinaxis.com,Canada,Integrated business/supply-chain planning (RapidResponse),2100,1k-5k,core,Public (TSX: KXS); revenue >$450M — core gate (a),Public integrated-planning platform whose supply-chain use-case maps directly onto F1 logistics,yes,P02a
44,Magnit,magnitglobal.com,USA,Vendor management system (VMS) / extended workforce,1200,1k-5k,core,PE-owned (Madison Dearborn Partners); est. annual services revenue $200M+,Major VMS/MSP platform (formerly PRO Unlimited) competing directly with SAP Fieldglass.,,P02b
45,Manutan,manutan.com,France,Indirect/MRO spend B2B marketplace,2700,1k-5k,core,Public (Euronext Paris); FY revenue ~€1.2B,Public indirect-spend distributor/marketplace serving industrial buyers across F1's home markets.,,P02b
46,Marqeta,marqeta.com,USA,Card-issuing infrastructure for corporate spend/AP fintechs,700,250-1k,core,Public (Nasdaq: MQ); FY revenue >$500M,"Public card-issuing infrastructure powering many corporate spend/AP platforms, seeking category-defining brand visibility.",yes,P02b
47,Moody's Analytics,moodysanalytics.com,USA,Third-party/supplier risk & compliance (KY3P),14000,10k+,core,Public parent Moody's Corp (NYSE: MCO); FY revenue >$6B,Public data/analytics giant with a dedicated third-party-risk platform used by large procurement teams.,,P02b
48,MSC Industrial Supply,mscdirect.com,USA,MRO & indirect-spend procurement marketplace,7000,5k-10k,core,Public (NYSE: MSM); FY revenue ~$3.9B,Public industrial MRO marketplace with brand budget and an engineering-heavy customer base.,,P02b
49,Nuvei,nuvei.com,Canada,Payment processing infrastructure (B2B/AP rails),1800,1k-5k,core,"Taken private by Advent International (2024, ~$6.3B deal); pre-deal revenue >$1.1B",Large-cap global payments processor with PE backing and prior sports-sponsorship activity to expand on.,yes,P02b
50,OneStream,onestreamsoftware.com,USA,Unified CPM/FP&A and consolidation platform,1700,1k-5k,core,"Public (NASDAQ: OS) since 2024; revenue >$300M, market cap >$1B — core gate (a)",Newly public CPM leader wanting a marquee campaign to build category awareness,,P02a
51,Pagero,pagero.com,Sweden,e-Invoicing & compliance network,500,250-1k,core,Acquired by Thomson Reuters (2024) for ~$1B; parent Thomson Reuters revenue >$6.8B,Global e-invoicing network now backed by a media/data giant with sponsorship budget to match.,,P02b
52,Paymerang (REPAY),paymerang.com,USA,AP automation & B2B disbursements,700,250-1k,core,Owned by REPAY Holdings (Nasdaq: RPAY); parent revenue >$200M,Public payments group's AP-automation unit looking to build consumer-facing brand recognition.,,P02b
53,Payoneer,payoneer.com,USA,Global B2B payouts for supplier/AP payments,2000,1k-5k,core,Public (Nasdaq: PAYO); FY revenue ~$800M,Public global-payouts platform used by marketplaces and enterprises to pay suppliers worldwide.,yes,P02b
54,PROS Holdings,pros.com,USA,AI-driven CPQ & dynamic pricing software,1300,1k-5k,core,Public (NYSE: PRO); revenue >$260M — core gate (a),Public pricing/CPQ leader wanting a differentiated growth-marketing platform,yes,P02a
55,QAD,qad.com,USA,"Manufacturing-vertical ERP, Thoma Bravo-owned",2200,1k-5k,core,Acquired by Thoma Bravo 2021 for ~$2B; revenue est. >$350M — core gate (a),Automotive/manufacturing ERP brand fits F1's supply-chain and precision-manufacturing narrative,yes,P02a
56,Quadient (Beanworks),quadient.com,France,AP automation (Beanworks),4000,1k-5k,core,Public (Euronext Paris); FY group revenue ~€1.1B,Public parent with a growth AP-automation unit seeking a premium brand halo in enterprise finance.,yes,P02b
57,Randstad Sourceright,randstadsourceright.com,Netherlands,VMS / MSP services procurement,2000,1k-5k,core,"Public parent Randstad NV (Euronext Amsterdam); FY revenue >€25B, 40,000+ employees","Global VMS/MSP arm of a public staffing giant, directly rivaling SAP Fieldglass in services procurement.",,P02b
58,RELX (LexisNexis Risk Solutions),relx.com,UK,Supplier & third-party risk data,36000,10k+,core,Public (LSE: REL); FY group revenue >£9B,FTSE-listed data giant whose risk-solutions arm underpins supplier due-diligence in procurement.,yes,P02b
59,RS Group,rsgroup.com,UK,Indirect/MRO spend B2B marketplace,9000,5k-10k,core,Public (LSE: RS1); FY revenue >£2.9B,UK-headquartered industrial/MRO procurement marketplace with existing motorsport-engineering customer ties.,,P02b
60,RXO (Coyote Logistics),rxo.com,USA,Freight brokerage & digital procurement,8500,5k-10k,core,Public (NYSE: RXO); FY revenue >$4B,Public digital freight brokerage with scale and brand appetite for global sports marketing.,,P02b
61,Sapiens International,sapiens.com,Israel,Insurance-vertical core & finance software,5200,5k-10k,core,Public (NASDAQ: SPNS); revenue est. ~$500M — core gate (a),Insurance-tech platform vendor wanting premium-brand association for its financial-services clientele,yes,P02a
62,Scanmarket (Unit4),scanmarket.com,Denmark,Sourcing & contract management,200,100-250,core,Owned by Unit4 (PE-backed by TA Associates/Advent); parent est. annual revenue $400M+,Sourcing platform backed by a large PE-owned ERP group with global mid-market reach.,,P02b
63,SEEBURGER,seeburger.com,Germany,EDI & e-invoicing integration,1100,1k-5k,core,"Privately held; est. group revenue ~€180-220M, decades of profitability",Established European EDI/e-invoicing vendor with deep automotive/industrial customer ties.,yes,P02b
64,SHI International,shi.com,USA,IT indirect-spend procurement,6000,5k-10k,core,"Privately held; FY revenue >$14B, 6,000+ employees","One of the largest privately held IT procurement resellers, with revenue and headcount clearing scale gates.",yes,P02b
65,Sovos Compliance,sovos.com,USA,"Tax & regulatory reporting compliance software, Hg-backed",2200,1k-5k,core,Hg Capital-backed; revenue estimated >$400M — core gate (a),Hg-backed global tax-compliance platform expanding via premium brand marketing,yes,P02a
66,Synertrade,synertrade.com,France,Source-to-pay suite,300,250-1k,core,Subsidiary of Econocom Group (Euronext Paris); parent revenue >€2.7B,European S2P platform backed by a large public parent with the balance sheet to sponsor.,,P02b
67,Thomson Reuters Tax & Accounting,tax.thomsonreuters.com,Canada,"Tax & accounting software (ONESOURCE, CS Professional Suite)",26000,10k+,core,Public (TSX/NYSE: TRI); group revenue >$6.8B — core gate (a)/(b),Global professional-information giant with a tax/accounting arm seeking category differentiation,,P02a
68,TOTVS,totvs.com,Brazil,Leading Latin American vertical ERP + fintech,13000,10k+,core,Public (B3: TOTS3); revenue ~R$4.9B (~$950M) — core gate (a)/(b),LatAm's dominant ERP brand seeking a global stage as it expands beyond Brazil,,P02a
69,Transporeon,transporeon.com,Germany,Freight procurement & transportation management,1600,1k-5k,core,Acquired by Trimble (2022) for ~€1.88B; parent Trimble (Nasdaq: TRMB) revenue >$3.6B,Leading European freight-procurement network now backed by a public logistics-tech giant.,yes,P02b
70,Tungsten Automation,tungstenautomation.com,USA,AP capture & e-invoicing (formerly Kofax),1800,1k-5k,core,PE-owned (Clearlake/TA Associates); est. annual revenue $300M+,Established AP/document-automation vendor with global enterprise revenue base.,yes,P02b
71,Uber Freight,uberfreight.com,USA,Digital freight marketplace / procurement,2000,1k-5k,core,Parent Uber Technologies (NYSE: UBER); FY revenue >$37B,Freight-procurement arm of a global consumer-tech giant with major sports-marketing precedent.,yes,P02b
72,Unit4,unit4.com,Netherlands,"People-centric ERP for services/nonprofit/public sector, TA Associates/Advent-backed",2700,1k-5k,core,TA Associates/Advent-backed; ARR reported >$400M — core gate (a),Services-sector ERP challenger wanting visibility beyond its Euro-centric base,yes,P02a
73,Unite (Mercateo),unite.eu,Germany,B2B indirect-spend marketplace,900,250-1k,core,Privately held; group revenue reported ~€1B,Large European B2B indirect-spend marketplace with revenue scale to fund brand-building sponsorship.,,P02b
74,Vertex Inc,vertexinc.com,USA,Tax technology / indirect tax compliance,1700,1k-5k,core,Public (NASDAQ: VERX); revenue >$600M — core gate (a),Public tax-tech leader seeking a marquee platform to build enterprise brand awareness,yes,P02a
75,Visma,visma.com,Norway,SMB/mid-market accounting & business software (Nordics/Benelux),14000,10k+,core,PE consortium-backed (Hg et al.); revenue >€2.2B — core gate (a)/(b),Dominant Nordic business-software group with the scale to fund a marquee sponsorship,yes,P02a
76,Wesco International,wesco.com,USA,Distribution & supply chain/indirect procurement outsourcing,20000,10k+,core,Public (NYSE: WCC); FY revenue >$22B,Large-cap supply-chain-services company offering procurement outsourcing to industrial clients.,yes,P02b
77,WEX Inc,wexinc.com,USA,Corporate payments & AP disbursement processing,5300,5k-10k,core,Public (NYSE: WEX); FY revenue >$2.6B,Large-cap corporate payments processor with fleet/AP scale and an existing history of sports sponsorship spend.,yes,P02b
78,Wise plc,wise.com,UK,Cross-border B2B payments (Wise Platform/Business),5000,1k-5k,core,Public (LSE: WISE); FY revenue >£1B,Public cross-border payments company with growing B2B/business-payments line and consumer brand appetite.,yes,P02b
79,Workiva,workiva.com,USA,"Connected reporting, compliance & financial disclosure platform",3000,1k-5k,core,Public (NYSE: WK); revenue >$680M — core gate (a),Public reporting/compliance platform with budget for a differentiated global campaign,yes,P02a
80,Xero,xero.com,New Zealand,Cloud accounting software for small business,4700,1k-5k,core,Public (ASX: XRO); revenue >NZ$1.7B — core gate (a),Global cloud-accounting challenger to QuickBooks/Sage seeking brand parity via marquee sponsorship,yes,P02a
81,Xometry,xometry.com,USA,On-demand manufacturing sourcing marketplace,800,250-1k,core,Public (Nasdaq: XMTR); FY revenue ~$460M,Public indirect-spend/manufacturing marketplace with a technical-buyer audience overlapping F1 engineering fans.,,P02b
82,Zoho Corporation,zoho.com,India,Bootstrapped SaaS suite incl. Zoho Books/Finance Plus for SMB-to-mid-market,15000,10k+,core,"Private, profitable, bootstrapped; revenue estimated >$1B — core gate (a)/(b)",Profitable global SaaS challenger wanting mainstream brand recognition without VC pressure,yes,P02a
83,Zuora,zuora.com,USA,Subscription billing & revenue management platform,1500,1k-5k,core,Public (NYSE: ZUO); revenue >$460M — core gate (a),Category-creating billing/CPQ platform seeking scaled brand visibility,yes,P02a
84,Blackbaud,blackbaud.com,USA,Nonprofit-vertical ERP & fundraising/finance software,3300,1k-5k,adjacent,Public (NASDAQ: BLKB); revenue est. ~$1.1B — core gate (a),Nonprofit-sector vertical ERP leader seeking mission-aligned but high-visibility marketing,,P02a
85,Cornerstone OnDemand,cornerstoneondemand.com,USA,"HR/talent & learning management suite, Clearlake-owned",2000,1k-5k,adjacent,Taken private by Clearlake 2021 for $5.2B — growth-projected gate (d),PE-backed HR/talent suite rebuilding its brand narrative post-buyout,yes,P02a
86,HiBob,hibob.com,UK,HR/payroll platform (Bob) for mid-market,1000,250-1k,adjacent,"Funding >$450M, valuation $2.45B (2022) — growth-projected gate (d)",Well-funded HR-tech challenger seeking mainstream brand recognition,yes,P02a
87,Insperity,insperity.com,USA,PEO/HR services & software at scale,4300,1k-5k,adjacent,Public (NYSE: NSP); revenue >$6.9B — core gate (a),Scaled PEO/HR platform seeking differentiated brand marketing,yes,P02a
88,Justworks,justworks.com,USA,PEO/HR platform for SMB,1000,250-1k,adjacent,Public (NASDAQ: JW); revenue >$400M — core gate (a),Newly public PEO platform investing in brand-building post-IPO,yes,P02a
89,Papaya Global,papayaglobal.com,Israel,Global payroll & workforce payments platform,500,250-1k,adjacent,"Funding >$400M, valuation $3.7B (2022) — growth-projected gate (d)",Global payroll unicorn seeking brand elevation to match its enterprise ambitions,yes,P02a
90,Paychex,paychex.com,USA,Payroll & HR software for SMB,16000,10k+,adjacent,Public (NASDAQ: PAYX); revenue >$5.3B — core gate (a)/(b),Scaled SMB payroll leader seeking premium brand marketing to move upmarket,yes,P02a
91,Personio,personio.com,Germany,HR/payroll software for SMB/mid-market Europe,1800,1k-5k,adjacent,"Funding >$500M, valuation $6.3B (2022) — growth-projected gate (d)",Europe's leading HR-tech unicorn wanting a premium global platform,yes,P02a
92,Remote.com,remote.com,USA,Global payroll & employment platform,1500,1k-5k,adjacent,"Funding >$496M, valuation $3B (2022) — growth-projected gate (d)",Global-employment unicorn wanting to showcase worldwide reach via F1's global calendar,yes,P02a
93,Rimini Street,riministreet.com,USA,Third-party ERP support (alternative to SAP/Oracle maintenance),2100,1k-5k,adjacent,Public (NASDAQ: RMNI); revenue >$430M — core gate (a),Anti-establishment ERP-support challenger to SAP/Oracle — natural fit against F1's incumbent sponsors,yes,P02a
94,Ryan LLC,ryan.com,USA,Tax services & tax technology platform at scale,5500,5k-10k,adjacent,"Private, profitable; revenue estimated >$800M — core gate (a)",Scaled tax advisory/technology firm seeking premium brand association with global clients,,P02a
95,TriNet,trinet.com,USA,PEO/HR outsourcing platform at scale,3400,1k-5k,adjacent,Public (NYSE: TNET); revenue >$4.9B — core gate (a),Public PEO/HR platform with revenue scale to fund a marquee campaign,yes,P02a
96,Aareon,aareon.com,Germany,Real-estate vertical ERP,2500,1k-5k,growth-projected,Sold to TPG/Allianz consortium 2023 for ~€3.9B — growth-projected gate (d),Newly PE-backed property-ERP leader positioned for a brand-building push,,P02a
97,Acumatica,acumatica.com,USA,"Cloud ERP for mid-market, EQT-owned",900,250-1k,growth-projected,EQT majority stake (2019) implying $1B+ enterprise value — growth-projected gate (d),EQT-backed cloud ERP challenger seeking differentiated marketing vs. NetSuite/Dynamics,yes,P02a
98,Avetta,avetta.com,USA,Supplier compliance & contractor risk management,1000,250-1k,growth-projected,PE-backed by Silver Lake Waterman (2021) and Vista Equity (2023); reported valuation >$1B,Well-capitalized supplier-compliance platform serving global industrial/engineering clients akin to F1's supply base.,yes,P02b
99,Billtrust,billtrust.com,USA,AR automation / order-to-cash software,900,250-1k,growth-projected,Acquired by EQT 2022 for $1.7B — growth-projected gate (d),EQT-backed AR-automation platform seeking brand elevation post-take-private,yes,P02a
100,C2FO,c2fo.com,USA,Supply chain / working-capital finance,700,250-1k,growth-projected,SoftBank Vision Fund invested $200M+ in 2019 at $1B+ valuation,"Working-capital marketplace embedded in large buyer/supplier AP flows, seeking global brand credibility.",yes,P02b
101,Cegid,cegid.com,France,"Finance, HR & retail ERP suite, Silver Lake/KKR-backed",4700,1k-5k,growth-projected,KKR/Silver Lake-backed; valued ~€4.4B in 2022 investment — growth-projected gate (d),Unicorn-valued French ERP/finance suite eyeing pan-European sports marketing,yes,P02a
102,Certinia,certinia.com,USA,"Salesforce-native ERP/PSA/finance suite, Advent International-backed",1000,250-1k,growth-projected,Advent International majority investment (2023) implied >$1B enterprise value — growth-projected gate (d),Advent-backed Salesforce-native ERP challenger rebranding for global growth,yes,P02a
103,Chargebee,chargebee.com,USA,Subscription billing & revenue management,800,250-1k,growth-projected,"Funding >$480M, valuation $3.5B (2021) — growth-projected gate (d)",Well-funded billing unicorn wanting a global brand platform beyond SaaS circles,,P02a
104,Convera,convera.com,USA,Cross-border B2B payments for AP/procurement,1700,1k-5k,growth-projected,"Spun off from Western Union Business Solutions (2023) with backing from Goldman Sachs, Baupost Group and Investcorp; enterprise value reported well over $1B",Large-scale cross-border B2B payments platform serving global supplier and AP flows.,yes,P02b
105,Ebury,ebury.com,UK,Cross-border B2B payments for suppliers/AP,1700,1k-5k,growth-projected,Majority-owned by Banco Santander (~$450M invested for controlling stake); profitable since 2016,Bank-backed cross-border B2B payments platform with the scale to fund international brand-building.,yes,P02b
106,Emburse,emburse.com,USA,T&E and AP spend management suite (rollup),1000,250-1k,growth-projected,PE-backed rollup (Bregal Sagemount/K1); 2021 raise implied unicorn-scale valuation — growth-projected gate (d),PE-backed spend-management consolidator building a unified global brand,yes,P02a
107,Exact Software,exact.com,Netherlands,"SMB/mid-market accounting & ERP software, KKR-owned",2000,1k-5k,growth-projected,KKR acquired 2019 for ~€2B — growth-projected gate (d),KKR-backed accounting/ERP platform targeting European mid-market brand awareness,yes,P02a
108,Flexport,flexport.com,USA,Freight forwarding & logistics procurement tech,3000,1k-5k,growth-projected,"Cumulative funding >$2.3B; valuation remains unicorn-tier (~$8B peak, reset lower in 2023-24 but still >$1B)",Category-defining digital freight forwarder with global brand ambitions and F1-relevant logistics story.,yes,P02b
109,FloQast,floqast.com,USA,Close management & accounting workflow automation,600,250-1k,growth-projected,"Funding >$330M, valuation $1.9B (2023) — growth-projected gate (d)",Fast-growing accounting-workflow unicorn wanting brand distinction from BlackLine,yes,P02a
110,FourKites,fourkites.com,USA,Freight visibility & procurement platform,900,250-1k,growth-projected,Cumulative funding ~$325M; valued at ~$2.3B (2022 round),Supply-chain visibility unicorn competing head-to-head with project44 for global logistics brand share.,yes,P02b
111,Globality,globality.com,USA,AI-powered sourcing & supplier discovery,400,250-1k,growth-projected,"Raised $275M (SoftBank-led, 2021) at ~$1.2B valuation",AI sourcing unicorn seeking a global brand platform to accelerate enterprise adoption.,,P02b
112,HighRadius,highradius.com,USA,Order-to-cash / AR automation using AI,3000,1k-5k,growth-projected,"Funding >$470M, valuation $3.1B (2022) — growth-projected gate (d)",AI-driven O2C unicorn wanting a marquee platform to court enterprise CFOs,yes,P02a
113,Icertis,icertis.com,USA,Contract lifecycle management,2500,1k-5k,growth-projected,Valued at $5B (2022 round); cumulative funding ~$740M,Category-defining CLM unicorn positioning for IPO; F1 offers enterprise-brand visibility at scale.,yes,P02b
114,Ironclad,ironcladapp.com,USA,Contract lifecycle management,600,250-1k,growth-projected,Valued at $3.2B (2021 round); cumulative funding ~$333M,Well-funded CLM unicorn courting enterprise legal/procurement buyers with a premium brand story.,yes,P02b
115,Ivalua,ivalua.com,USA,"Source-to-pay procurement software, KKR growth-backed",900,250-1k,growth-projected,KKR growth investment (2020) implied unicorn-scale valuation — growth-projected gate (d),KKR-backed procurement-tech challenger to SAP Ariba/Coupa seeking global visibility,yes,P02a
116,Kyriba,kyriba.com,USA,Treasury & cash/liquidity management (CFO-stack),1000,250-1k,growth-projected,Funding >$378M; Bridgepoint/Long Ridge investment implied unicorn-scale valuation — growth-projected gate (d),Global treasury-management leader for CFOs seeking a premium brand association,yes,P02a
117,Loadsmart,loadsmart.com,USA,Freight procurement & digital brokerage,400,250-1k,growth-projected,Cumulative funding ~$212M; valued at ~$1.3B (2021 round),Well-funded freight-tech unicorn seeking brand differentiation in a crowded digital-logistics field.,,P02b
118,Medius,medius.com,Sweden,"AP automation & spend management, Nordic Capital-backed",900,250-1k,growth-projected,Nordic Capital investment (2021) valued the company >$1B — growth-projected gate (d),Nordic Capital-backed AP-automation challenger scaling internationally,yes,P02a
119,Melio,meliopayments.com,USA,B2B AP payments for SMB,500,250-1k,growth-projected,Valued at $4B (2021 round); cumulative funding >$500M,Well-funded SMB AP-payments unicorn seeking mainstream brand recognition.,,P02b
120,Navan,navan.com,USA,Travel & expense management platform,3000,1k-5k,growth-projected,"Funding >$2.4B, valuation $9.2B — growth-projected gate (d)",T&E platform with F1's global travel-heavy ecosystem as a natural use-case showcase,yes,P02a
121,Nium,nium.com,Singapore,Cross-border B2B payment rails (AP/payouts),800,250-1k,growth-projected,Valued at $1.4B (2022 round); cumulative funding ~$293M,Well-funded cross-border payments infrastructure unicorn powering global supplier/AP disbursements.,yes,P02b
122,o9 Solutions,o9solutions.com,USA,AI-driven integrated business planning platform,1800,1k-5k,growth-projected,"Funding >$295M, valuation $3.7B (2023) — growth-projected gate (d)",Well-funded IBP unicorn seeking a global stage to match category-leading valuation,yes,P02a
123,Odoo,odoo.com,Belgium,All-in-one open-source ERP suite,4500,1k-5k,growth-projected,"Raised $124M at ~$3.2B valuation (2021, Summit Partners) — growth-projected gate (d)",Fast-growing SMB ERP unicorn wanting premium brand halo to move upmarket,yes,P02a
124,OneTrust,onetrust.com,USA,Third-party & supplier risk management,3000,1k-5k,growth-projected,Valued at $4.5B (2021 round); cumulative funding ~$920M,Well-funded trust/risk platform with third-party-risk modules used by large procurement orgs.,yes,P02b
125,Payhawk,payhawk.com,UK,Corporate card & spend management,400,250-1k,growth-projected,Valued at $1B (2022 round); cumulative funding ~$340M,European spend-management unicorn seeking premium brand differentiation versus US rivals.,yes,P02b
126,Pigment,pigment.com,France,Business planning/FP&A platform,700,250-1k,growth-projected,"Funding >$390M, valuation $1B+ (Series C 2023) — growth-projected gate (d)",French planning unicorn seeking a global brand statement beyond its enterprise SaaS base,yes,P02a
127,Pleo,pleo.io,Denmark,Corporate card & expense management,900,250-1k,growth-projected,Valued at $4.7B (2022 round); cumulative funding >$370M,Nordic fintech unicorn with strong European brand ambitions matching F1's calendar.,,P02b
128,project44,project44.com,USA,Freight visibility & procurement platform,900,250-1k,growth-projected,Cumulative funding ~$933M; valued at $2.7B (2022 round),"Best-funded supply-chain visibility unicorn, actively building premium enterprise brand recognition.",yes,P02b
129,Rapyd,rapyd.net,UK,Global payments infrastructure for B2B/AP,900,250-1k,growth-projected,Valued at $8.75B (2021 round); cumulative funding >$860M,"One of fintech's best-funded payments-infrastructure unicorns, already active in sports sponsorship marketing.",yes,P02b
130,Soldo,soldo.com,UK,Corporate card & expense management,400,250-1k,growth-projected,Valued at ~$1.2B (2023 round); cumulative funding ~$220M,UK/Italy-rooted spend-management unicorn with strong motorsport-market overlap.,yes,P02b
131,Spendesk,spendesk.com,France,7-in-1 spend management,500,250-1k,growth-projected,Valued at ~$1.25B (2022 round); cumulative funding >$300M,French spend-management unicorn expanding pan-European brand presence.,yes,P02b
132,TaxBit,taxbit.com,USA,Digital-asset tax & accounting compliance software,400,250-1k,growth-projected,"Funding >$130M, valuation $1.33B (2022) — growth-projected gate (d)",Unicorn tax-compliance platform for digital assets seeking mainstream credibility,,P02a
133,Tipalti,tipalti.com,USA,AP automation & global mass payments,1000,250-1k,growth-projected,"Funding >$550M, valuation $8.3B (2021) — growth-projected gate (d)",Unicorn AP-automation platform wanting global brand recognition to match its valuation,yes,P02a
134,Vena Solutions,venasolutions.com,Canada,Excel-native FP&A and planning software,800,250-1k,growth-projected,Raised $242M Series C (2021) at ~$2.7B valuation — growth-projected gate (d),Well-funded Canadian FP&A challenger wanting international brand lift,yes,P02a
135,Zip,ziphq.com,USA,Procurement orchestration & intake,700,250-1k,growth-projected,Valued at $2.2B (2023 round); cumulative funding ~$370M,"One of procurement tech's best-funded unicorns, building brand ahead of category consolidation.",yes,P02b
136,Zycus,zycus.com,USA,AI-driven source-to-pay,2200,1k-5k,growth-projected,Raised ~$340M in 2022 (Goldman Sachs-led) at ~$1B valuation,Fast-growing AI procurement suite seeking a premium global brand halo ahead of further scaling.,,P02b
