#,company,domain,hq_country,niche,employees_est,size_band,tag,affordability,why_f1,source_batch
1,ACM Research,acmrcorp.com,United States,Clean / Wet Processing,2100,1k-5k,core,Public (NASDAQ:ACMR); FY2024 revenue >RMB7.5B (~$1B),US/China dual-listed wet cleaning and electroplating equipment leader for advanced packaging/logic; unsponsored in F1,S5a
2,Advanced Energy Industries,advancedenergy.com,United States,"Subsystems / Components (vacuum, RF, gas/fluid delivery)",4700,1k-5k,core,Public (NASDAQ:AEIS); FY2024 revenue >$1.5B,"Leading RF/plasma power delivery subsystems for etch/deposition tools; F1-clean, strong power-electronics engineering story",S5a
3,Advanced Micro-Fabrication Equipment (AMEC),amec-inc.com,China,Etch,3200,1k-5k,core,Public (SSE:688012); FY2024 revenue >RMB7B (~$1B),Leading Chinese etch and MOCVD equipment maker with growing global footprint; F1-clean,S5a
4,Aixtron SE,aixtron.com,Germany,Deposition (CVD/ALD/PVD/Epi),950,250-1k,core,Public (FRA:AIXA); FY2024 revenue >EUR500M,"World leader in MOCVD deposition tools for power/RF/compound semiconductors (SiC, GaN); F1-relevant power-electronics supply chain, unsponsored",S5a
5,AMETEK Inc. (Zygo precision metrology),ametek.com,United States,,21000,10k+,core,,Zygo division supplies optical/interferometric metrology tools used in semiconductor & photonics manufacturing; huge parent balance sheet; unclaimed sponsor category.,S5b
6,Anritsu Corporation,anritsu.com,Japan,,4000,1k-5k,core,,Test & measurement maker with RF/component test solutions relevant to semiconductor device validation; unclaimed F1 category.,S5b
7,Applied Materials,appliedmaterials.com,United States,Deposition (CVD/ALD/PVD/Epi),34000,10k+,core,Public (NASDAQ:AMAT); FY2024 revenue >$27B; largest global semiconductor equipment supplier,"Largest diversified process-equipment maker (deposition, etch, CMP, ion implant); no F1 sponsorship despite AMD/other chip-brand F1 activity",S5a
8,ASM International,asm.com,Netherlands,Deposition (CVD/ALD/PVD/Epi),4200,1k-5k,core,Public (AMS:ASM); FY2024 revenue >EUR2.5B; global leader in ALD deposition,Pure-play ALD/epitaxy leader riding the leading-edge logic/DRAM capex cycle; unsponsored in F1,S5a
9,ASMPT Limited,asmpt.com,Hong Kong / Singapore,,13000,10k+,core,,"Leading semiconductor packaging + SMT equipment maker (die bonders, wire bonders); unclaimed F1 category.",S5b
10,Axcelis Technologies,axcelis.com,United States,Ion Implant,1900,1k-5k,core,Public (NASDAQ:ACLS); FY2024 revenue >$1B; global leader in ion implant systems,Dominant pure-play ion implant supplier riding power-semiconductor and mature-node capex boom; unsponsored in F1,S5a
11,BE Semiconductor Industries N.V. (Besi),besi.com,Netherlands,,1900,1k-5k,core,,"Leading die-attach and hybrid-bonding equipment maker for advanced packaging (HBM/AI chips); unclaimed F1 category, Dutch GP tie-in.",S5b
12,Brooks Automation (Semiconductor Solutions),brooks.com,United States,,2000,1k-5k,core,,Vacuum/atmospheric wafer-handling robotics leader across the full fab (incl. metrology/test/packaging cells); PE-backed by Thomas H. Lee Partners since 2022; unclaimed F1 category.,S5b
13,Camtek Ltd,camtek.com,Israel,,709,250-1k,core,,Leading advanced-packaging/HPC inspection & metrology tool maker riding AI packaging boom; verified revenue/headcount via web search; not F1-affiliated.,S5b
14,Canon Inc. (Semiconductor Equipment Division),canon.com,Japan,,180000,10k+,core,,"Semiconductor lithography (steppers, nanoimprint) equipment maker via its Semiconductor Equipment Business Unit; massive parent scale; unclaimed F1 category, Japan GP tie-in.",S5b
15,Chang Chun Group,ccp.com.tw,Taiwan,Wet Process Chemicals (Materials),10000,5k-10k,core,Privately held; group estimated annual revenue >NT$150B (~$4.7B) across petrochemicals and electronic materials,"Major supplier of high-purity wet-process chemicals (hydrogen peroxide, PVA, specialty resins) to global fabs; F1-clean",S5a
16,"Changchuan Technology Co., Ltd.",gts-changchuan.com,China,,2500,1k-5k,core,,"China's leading domestic semiconductor test-equipment maker (testers, sorters, probers), riding China's fab self-sufficiency drive; unclaimed F1 category.",S5b
17,Chroma ATE Inc.,chromaate.com,Taiwan,,2600,1k-5k,core,,"Precision test & measurement/ATE maker spanning semiconductors, EV and photonics; verified size via enrichment; unclaimed F1 category.",S5b
18,CKD Corporation,ckd.co.jp,Japan,"Subsystems / Components (vacuum, RF, gas/fluid delivery)",4200,1k-5k,core,Public (TSE:6407); FY2024 revenue >JPY180B (~$1.2B),Pneumatic/flow-control component maker with dedicated semiconductor fab automation lines; F1-clean,S5a
19,Cognex Corporation,cognex.com,United States,,2300,1k-5k,core,,Machine-vision inspection systems widely deployed in semiconductor packaging and test lines; unclaimed F1 category.,S5b
20,Coherent Corp,coherent.com,United States,Photonics / Lasers (EUV Supply Chain),24000,10k+,core,Public (NYSE:COHR); FY2024 revenue >$5.5B,Major laser/optics supplier feeding EUV light-source and process-laser supply chains; unsponsored in F1,S5a
21,Cohu Inc.,cohu.com,United States,,1700,1k-5k,core,,Test handler & contactor leader (Xcerra/Multitest/Delta Design brands) serving automotive and AI chip test; unclaimed F1 category.,S5b
22,Comet Group,comet-group.com,Switzerland,RF Power Systems / Etch (incl. Plasma-Therm),2200,1k-5k,core,Public (SIX:COTN); FY2024 revenue >CHF480M; owns Plasma-Therm etch/deposition tool maker,RF/X-ray technology group whose Plasma-Therm subsidiary makes etch and deposition systems; F1-clean,S5a
23,Daifuku Co,daifuku.com,Japan,Fab Automation / Material Handling,10500,10k+,core,Public (TSE:6383); FY2024 revenue >JPY660B (~$4.4B); semiconductor AMHS a strategic growth segment,World's largest material-handling systems maker with a leading semiconductor fab AMHS business; F1-clean,S5a
24,Danaher Corporation (Leica Microsystems),danaher.com,United States,,62000,10k+,core,,"Owns Leica Microsystems, supplying semiconductor/materials-science microscopy and metrology instruments; massive parent scale; unclaimed F1 category.",S5b
25,Disco Corporation,disco.co.jp,Japan,CMP / Dicing / Grinding / Polish,7500,5k-10k,core,Public (TSE:6146); FY2024 revenue >JPY400B (~$2.7B); global leader in dicing/grinding/polishing equipment,Dominant precision dicing and wafer-thinning equipment maker critical to advanced packaging (AI chip) boom; F1-clean,S5a
26,DMS Co Ltd,dmstech.com,South Korea,Wet/Dry Etch & Cleaning Equipment,1000,250-1k,core,Public (KOSDAQ:068790); estimated annual revenue $150-250M across display and semiconductor etch/clean tools,Korean wet/dry etch and cleaning equipment maker expanding from display into semiconductor process tools; F1-clean,S5a
27,Dongjin Semichem,dongjin.com,South Korea,"Process Materials (resist, slurry, targets, chemicals)",1500,1k-5k,core,Public (KOSDAQ:005290); estimated annual revenue >$500M on photoresist and CMP slurry materials,Major Korean photoresist and CMP slurry materials maker; unsponsored in F1,S5a
28,DuPont Electronics & Industrial,dupont.com,United States,Photoresist / CMP Pads (Materials),22000,10k+,core,Public parent (NYSE:DD); group FY2024 revenue >$12B; Electronics & Industrial the fastest-growing segment,"Parent of DuPont's photoresist, CMP pad and electronic-materials business core to fab process steps; unsponsored in F1",S5a
29,Ebara Corporation,ebara.co.jp,Japan,CMP / Dicing / Grinding / Polish,19000,10k+,core,Public (TSE:6361); FY2024 revenue >JPY700B (~$4.6B); Precision Machinery (CMP) segment core to semiconductors,Leading CMP equipment and vacuum pump maker for wafer fabs; F1-clean,S5a
30,Edwards Vacuum,edwardsvacuum.com,United Kingdom,"Subsystems / Components (vacuum, RF, gas/fluid delivery)",4200,1k-5k,core,"Division of Atlas Copco Vacuum Solutions; segment revenue >$1.7B/yr, standalone brand with own P&L reporting","Verified per brief note (Atlas Copco sub, still tracked standalone); global #1/2 vacuum pump/abatement supplier to fabs, unsponsored in F1",S5a
31,Element Solutions Inc,elementsolutionsinc.com,United States,Process Chemistry / Advanced Packaging Materials,4200,1k-5k,core,Public (NYSE:ESI); FY2024 revenue >$2.2B,Electronic/plating chemistry supplier for advanced packaging and semiconductor process steps; unsponsored in F1,S5a
32,Enplas Corporation,enplas.co.jp,Japan,,4500,1k-5k,core,,Major IC test-socket and precision optical-lens maker for semiconductor test flows; unclaimed F1 category.,S5b
33,Entegris Inc,entegris.com,United States,Filtration / Materials / Gas Delivery,7300,5k-10k,core,Public (NASDAQ:ENTG); FY2024 revenue >$3.2B,"Critical materials-handling, filtration and gas/chemical delivery infrastructure supplier across the fab process flow; F1-clean",S5a
34,Eugene Technology,eugenetech.co.kr,South Korea,Deposition (CVD/ALD/PVD/Epi),500,250-1k,core,Public (KOSDAQ:084370); trailing revenue >$250M,Single-wafer LPCVD/ALD deposition equipment specialist for Korean memory fabs; unsponsored in F1,S5a
35,EV Group (EVG),evgroup.com,Austria,Wafer Bonding / Nanoimprint Lithography,1100,1k-5k,core,"Privately held; company states >$300M annual revenue, profitable, family-owned since 1980",World leader in wafer bonding and nanoimprint lithography for advanced packaging/AI chips; unsponsored in F1,S5a
36,Ferrotec Holdings,ferrotec.com,Japan,"Fab Components (quartz, ceramics, Si parts)",10500,10k+,core,Public (TSE:6890); FY2024 revenue >JPY180B (~$1.2B),Major supplier of quartz/ceramic/silicon consumable components used inside deposition and etch chambers; F1-clean,S5a
37,FormFactor Inc.,formfactor.com,United States,,1805,1k-5k,core,,"Leading probe card, probe station and thermal/cryogenic test subsystem maker across the IC lifecycle; verified size; unclaimed F1 category.",S5b
38,Fujifilm Electronic Materials (Fujifilm Corp),fujifilm.com,Japan,"Process Materials (resist, slurry, targets, chemicals)",73000,10k+,core,Public parent (TSE:4901); group FY2024 revenue >JPY3T (~$20B); Electronic Materials a strategic growth segment,"Parent of Fujifilm's semiconductor materials business (photoresist, CMP slurry, cleaning chemicals); huge imaging/health brand, no F1 tie",S5a
39,Fujimi Incorporated,fujimiinc.co.jp,Japan,CMP Slurry Materials,1050,1k-5k,core,Public (TSE:5384); FY2024 revenue >JPY60B (~$400M),Global leader in CMP polishing slurry/abrasives for semiconductor and precision-glass polishing; F1-clean,S5a
40,GlobalWafers Co,globalwafers.com.tw,Taiwan,Wafers / Substrates,13000,10k+,core,Public (TWSE:6488); FY2024 revenue >NT$75B (~$2.4B); world's #3 silicon wafer maker,Major Taiwan-headquartered wafer supplier with global fabs (incl. new US plant); unsponsored in F1,S5a
41,Gudeng Precision Industrial,gudeng.com,Taiwan,EUV Reticle Pods / Precision Components,2000,1k-5k,core,Public (TPEx:3680); estimated annual revenue >NT$8B (~$250M) as key ASML EUV pod supplier,Critical EUV/DUV reticle pod and precision-parts supplier in ASML's supply chain; unsponsored in F1,S5a
42,"Hanmi Semiconductor Co., Ltd.",hanmisemi.com,South Korea,,728,250-1k,core,,Dominant thermal compression bonder maker for HBM packaging (SK hynix/Samsung supply chain); verified via web search; explosive AI-driven growth story; unclaimed F1 category.,S5b
43,"Hanwha Semitech Co., Ltd. (Hanwha Precision Machinery)",hanwhasemitech.com,South Korea,,1500,1k-5k,core,,"Hanwha's semiconductor die-bonding/packaging equipment arm, backed by the wider Hanwha conglomerate's balance sheet (explicit dup-ok per brief); unclaimed F1 category.",S5b
44,Hemlock Semiconductor,hscpoly.com,United States,Hyperpure Polysilicon (Wafer Materials),1500,1k-5k,core,"Private JV (Corning majority-owned with Shin-Etsu/Mitsubishi); large-scale polysilicon producer, revenue estimated well over $500M/yr","Major US-based hyperpure polysilicon supplier for semiconductor-grade silicon wafers, benefiting from CHIPS Act-driven expansion; F1-clean",S5a
45,Heraeus Holding,heraeus.com,Germany,Sputtering Targets / Precious Metals Materials,17300,10k+,core,Privately held; group FY2024 revenue >EUR27B (incl. precious-metals trading); Electronics segment core semiconductor-materials unit,Global leader in sputtering targets and bonding wire for semiconductor fabs; F1-clean,S5a
46,Hirata Corporation,hirata.co.jp,Japan,Fab Automation / Material Handling,3000,1k-5k,core,Public (TSE:6258); FY2024 revenue >JPY130B (~$870M),"Factory automation and semiconductor equipment integrator (EFEM, wafer handling); F1-clean",S5a
47,Hitachi High-Tech Corporation,hitachi-hightech.com,Japan,Etch / Deposition (Hitachi subsidiary),15000,10k+,core,Wholly owned Hitachi Ltd subsidiary; parent Hitachi FY2024 revenue >JPY9T (~$60B),"Etch, deposition and metrology equipment maker under Hitachi's industrial umbrella; no F1 sponsorship",S5a
48,Hwatsing Technology,hwatsing.com,China,CMP / Dicing / Grinding / Polish,1900,1k-5k,core,Public (SSE:688120); FY2025 revenue >RMB4.6B (~$650M),"China's leading CMP (chemical-mechanical polishing) equipment maker, rapidly expanding into new equipment categories; unsponsored in F1",S5a
49,Ichor Systems,ichorsystems.com,United States,"Subsystems / Components (vacuum, RF, gas/fluid delivery)",3000,1k-5k,core,Public (NASDAQ:ICHR); FY2024 revenue >$900M,Leading gas and fluid delivery subsystems supplier to Applied Materials/Lam; unsponsored in F1,S5a
50,"ISC Co., Ltd.",isc21.co.kr,South Korea,,700,250-1k,core,,Leading semiconductor test socket / pogo-pin maker for memory and logic device test; unclaimed F1 category.,S5b
51,JEOL Ltd.,jeol.com,Japan,,4000,1k-5k,core,,Electron microscopy and e-beam lithography/metrology tool maker used in semiconductor failure analysis; unclaimed F1 category.,S5b
52,JSR Corporation,jsr.co.jp,Japan,"Process Materials (resist, slurry, targets, chemicals)",8000,5k-10k,core,"Public (TSE:4185, being taken private by JIC in 2024-25 deal valuing it >$6B); photoresist revenue segment alone >$1B","World's top photoresist/semiconductor-materials maker (absorbing Inpria, EMD's stake); no F1 sponsorship",S5a
53,Jusung Engineering,jestech.co.kr,South Korea,Deposition (CVD/ALD/PVD/Epi),500,250-1k,core,"Public (KOSDAQ:036930); FY2024 revenue ~KRW409B (~$294M), up 44% YoY","Korean CVD/PECVD deposition and thermal equipment maker; F1-clean, fast-growing order backlog",S5a
54,Kingsemi Co,kingsemi.com,China,Litho Coater / Wet Cleaning,1400,1k-5k,core,Public (SSE:688037); FY2023 revenue >RMB1.72B (~$240M),Leading Chinese lithography coating and wafer-cleaning equipment maker (state-linked); F1-clean,S5a
55,KLA Corporation,kla.com,United States,,15000,10k+,core,,Global #1 process-control/inspection & metrology equipment maker; dup ok across subsector files; not F1-affiliated.,S5b
56,Kokusai Electric,kokusai-electric.com,Japan,Thermal / Anneal / Diffusion,3600,1k-5k,core,"Public (TSE:6525, 2023 IPO from KKR); FY2024 revenue >JPY162B (~$1.1B)",Global leader in batch thermal/ALD deposition tools (spun from Hitachi Kokusai); newly public with fresh capital markets visibility push; F1-clean,S5a
57,Kulicke & Soffa Industries Ltd.,kns.com,Singapore,,4300,1k-5k,core,,World-leading wire/die-bonding equipment maker for advanced packaging; unclaimed F1 category.,S5b
58,Kurita Water Industries,kurita.com,Japan,Ultrapure Water Systems (Wet Processing),8300,5k-10k,core,Public (TSE:6370); FY2024 revenue >JPY320B (~$2.1B); semiconductor UPW systems a key growth segment,World-leading ultrapure water treatment systems critical to fab wet processing; F1-clean,S5a
59,Kurt J. Lesker Company,lesker.com,United States,"Subsystems / Components (vacuum, RF, gas/fluid delivery)",650,250-1k,core,Privately held; estimated annual revenue $200-300M across vacuum components and thin-film deposition systems,Long-established vacuum technology and deposition components supplier to fabs/research labs; unsponsored in F1,S5a
60,Lam Research,lamresearch.com,United States,Etch,18000,10k+,core,Public (NASDAQ:LRCX); FY2024 revenue >$14B; global #1 in etch and #2 in deposition,Leading etch/deposition equipment maker with massive engineering marketing budget; F1-clean,S5a
61,Lasertec Corporation,lasertec.co.jp,Japan,,1850,1k-5k,core,,"Monopoly supplier of EUV mask-blank inspection & metrology tools; dup ok; unclaimed F1 category, Japan GP home-market tie-in.",S5b
62,"Leeno Industrial Co., Ltd.",leeno.com,South Korea,,550,250-1k,core,,Test socket / pogo-pin maker serving memory and logic test; unclaimed F1 category.,S5b
63,Leybold GmbH,leybold.com,Germany,"Subsystems / Components (vacuum, RF, gas/fluid delivery)",3000,1k-5k,core,Part of Atlas Copco Vacuum Solutions; estimated standalone segment revenue >$800M,"Major vacuum pump/system supplier to semiconductor and coating industries; F1-clean, deep German industrial heritage",S5a
64,Marketech International Corp,marketech-intl.com,Taiwan,Epitaxy / Deposition Equipment & Distribution,1000,250-1k,core,Public (TWSE:5301); estimated annual revenue >NT$8B (~$250M) across equipment distribution and self-developed epitaxy tools,Major Taiwan semiconductor-equipment distributor and epitaxy/deposition toolmaker; unsponsored in F1,S5a
65,Mattson Technology,mattson.com,United States,Etch,650,250-1k,core,Owned by Beijing E-Town Dragon investment consortium; estimated annual revenue $200-300M on dry strip/RTP/etch systems,"US-headquartered strip, thermal (RTP) and etch equipment maker with China-consortium capital backing; unsponsored in F1",S5a
66,Merck KGaA (EMD Electronics),emdgroup.com,Germany,Specialty Gases / Photoresists (Materials),64000,10k+,core,"Public parent (FRA:MRK); group FY2024 revenue >EUR21B; Electronics (EMD Electronics, incl. Versum) a major growth pillar","Parent of EMD Electronics, a top-tier semiconductor materials/specialty gas supplier (post-Versum/Intermolecular acquisitions); F1-clean",S5a
67,MKS Instruments,mksinst.com,United States,"Subsystems / Components (vacuum, RF, gas/fluid delivery)",9200,5k-10k,core,Public (NASDAQ:MKSI); FY2024 revenue >$3.6B,"Critical vacuum, RF power, gas/flow control subsystems supplier across every fab process step; unsponsored in F1",S5a
68,MPI Corporation,mpi-corporation.com,Taiwan,,922,250-1k,core,,Global leader in wafer probers and photonics/RF test solutions; verified via annual report and earnings release; unclaimed F1 category.,S5b
69,Murata Machinery (Muratec),muratec.net,Japan,Fab Automation / Material Handling,4000,1k-5k,core,"Privately held; group estimated annual revenue >$2B, semiconductor AMHS a core growth segment",Automated material handling systems (AMHS/OHT) supplier for advanced fabs; unsponsored in F1,S5a
70,Nanotronics Imaging Inc.,nanotronics.co,United States,,300,250-1k,core,,AI-powered semiconductor/advanced-manufacturing inspection platform (nSpec/nSight) backed by major growth investors; fits GROWTH gate; unclaimed sponsor category.,S5b
71,National Silicon Industry Group (NSIG),nsig.com,China,Wafers / Substrates,3000,1k-5k,core,Public (SSE:688126); state-backed semiconductor-grade silicon wafer producer with revenue >RMB3.5B (~$490M),"China's flagship 300mm semiconductor wafer producer (Shanghai), central to domestic self-sufficiency push; unsponsored in F1",S5a
72,Naura Technology Group,naura.com,China,Diversified Process Equipment (Etch/Dep/Clean/Thermal),11000,10k+,core,Public (SZSE:002371); FY2024 revenue >RMB29B (~$4B); China's largest semiconductor equipment maker,"China's national-champion diversified process-equipment supplier (etch, CVD/PVD, clean, thermal); unsponsored in F1",S5a
73,Nidec-Read Corporation,nidec-read.com,Japan,,900,250-1k,core,,Electrical test equipment maker (board/component/connector test) adjacent to semiconductor device test; Nidec Group backing; unclaimed F1 category.,S5b
74,Nikon Corporation (Precision Equipment),nikon.com,Japan,,19000,10k+,core,,"Semiconductor lithography stepper/scanner maker (Precision Equipment division); global optics brand; unclaimed F1 category, Japan GP tie-in.",S5b
75,Nissan Chemical Corporation,nissanchem.co.jp,Japan,CMP Slurry / Photoresist Ancillary Materials,7000,5k-10k,core,Public (TSE:4021); FY2024 revenue >JPY280B (~$1.9B); Performance Materials includes semiconductor process chemicals,Leading supplier of CMP slurry additives and photoresist ancillary chemicals to global fabs; F1-clean,S5a
76,Nissin Ion Equipment,nissin-ion.co.jp,Japan,Ion Implant,700,250-1k,core,Sumitomo Electric Industries affiliate; estimated annual revenue >$300M on ion implant systems,Established ion implant equipment maker for power semiconductor and logic fabs; unsponsored in F1,S5a
77,Nordson Corporation,nordson.com,United States,,7700,5k-10k,core,,"Parent of Nordson Test & Inspection (DAGE X-ray, CyberOptics AOI, ASYMTEK dispense) serving advanced packaging; explicitly named X-ray/optical inspection candidate; not F1-affiliated.",S5b
78,Nova Ltd,novami.com,Israel,,1612,1k-5k,core,,Process-control metrology leader for advanced-node fabs; verified revenue/headcount via SEC 20-F and press release; unclaimed sponsor category.,S5b
79,Oerlikon Group,oerlikon.com,Switzerland,Thin-Film Coating Systems (Balzers),12000,10k+,core,Public (SIX:OERL); FY2024 revenue >CHF2.6B; Surface Solutions (Balzers) division serves electronics coating,"Balzers thin-film coating systems division serves semiconductor/electronics manufacturing; F1-clean, Swiss precision-engineering brand fit",S5a
80,Olympus Corporation,olympus-global.com,Japan,,29000,10k+,core,,Optical/industrial microscopy systems used for semiconductor wafer and package inspection; unclaimed F1 category.,S5b
81,Onto Innovation Inc.,ontoinnovation.com,United States,,2500,1k-5k,core,,"Leading process-control/metrology & inspection equipment maker (advanced packaging, specialty devices); not an F1 sponsor; dup-ok across subsector files.",S5b
82,Organo Corporation,organo.co.jp,Japan,Ultrapure Water Systems (Wet Processing),2600,1k-5k,core,Public (TSE:6368); FY2024 revenue >JPY150B (~$1B); dominant semiconductor UPW systems supplier,Leading ultrapure-water and wet-process chemical delivery systems maker for fabs; unsponsored in F1,S5a
83,Oxford Instruments plc,oxinst.com,United Kingdom,Plasma Etch/Deposition (Plasma Technology),2400,1k-5k,core,Public (LSE:OXIG); FY2024 revenue >GBP470M,"Plasma Technology division supplies etch/deposition tools for compound semiconductor and R&D fabs; F1-clean, UK-GP home-market fit",S5a
84,Park Systems Corp,parksystems.com,South Korea,,600,250-1k,core,,Leading Atomic Force Microscopy (AFM) metrology tool maker for advanced-node defect/CD measurement; rapid growth story tied to HBM/AI chip boom; unclaimed F1 category.,S5b
85,Pfeiffer Vacuum Technology,pfeiffer-vacuum.com,Germany,"Subsystems / Components (vacuum, RF, gas/fluid delivery)",4300,1k-5k,core,Owned by Busch Group; estimated annual revenue >EUR900M on vacuum pump systems,"Leading vacuum pump maker for semiconductor process chambers; F1-clean, strong German-engineering brand alignment",S5a
86,"Photronics, Inc.",photronics.com,United States,,5000,1k-5k,core,,"World's leading independent photomask manufacturer, the lithography-adjacent input every fab needs; unclaimed F1 category.",S5b
87,Piotech Inc,piotech.com,China,Deposition (CVD/ALD/PVD/Epi),1700,1k-5k,core,"Public (SSE:688072); FY2025 revenue ~RMB6.26B (~$870M), sales up 124% YoY in Q3 2025",Fast-growing Chinese PECVD/ALD deposition equipment leader riding domestic capex boom; F1-clean,S5a
88,Plansee Group,plansee.com,Austria,Sputtering Targets / Refractory Metals,15000,10k+,core,Privately held; group FY2024 revenue >EUR1.9B,Leading refractory-metal sputtering target and component maker for semiconductor deposition tools; unsponsored in F1,S5a
89,proteanTecs Ltd.,proteantecs.com,Israel,,300,250-1k,core,,"Deep-data chip health/test analytics platform used across wafer test and in-field monitoring flows; meets GROWTH gate ($200M+ raised, $1B+ valuation); unclaimed F1 category.",S5b
90,PSK Inc,psk.co.kr,South Korea,Strip / Clean / Thermal,1000,250-1k,core,Public (KOSDAQ:319660); FY2024 revenue >$291M,"Korean dry strip, cleaning and thermal equipment specialist serving Samsung/SK hynix; unsponsored in F1",S5a
91,PVA TePla AG,pvatepla.com,Germany,Plasma / Vacuum Systems & SiC Crystal Growth,900,250-1k,core,"Public (FRA:TPE); FY2024 revenue >EUR200M, record order backlog on SiC/AI-chip demand","Plasma treatment and SiC crystal-growth equipment maker riding power-semiconductor boom; F1-clean, growing brand-visibility budget",S5a
92,Resonac Holdings,resonac.com,Japan,"Process Materials (resist, slurry, targets, chemicals)",20000,10k+,core,Public (TSE:4004); FY2024 revenue >JPY1.5T (~$10B); Semiconductor & Electronics a core high-growth segment,"Major semiconductor materials maker (CMP slurry, photoresist, packaging materials) formed from Showa Denko/Hitachi Chemical merger; unsponsored in F1",S5a
93,Rorze Corporation,rorze.com,Japan,Fab Automation / Material Handling,1200,1k-5k,core,Public (TSE:6323); FY2024 revenue >JPY60B (~$400M),Leading wafer-handling robotics and FOUP automation supplier inside fab process tools; unsponsored in F1,S5a
94,Scientech Corporation,scientech.com.tw,Taiwan,Clean / Wet Processing,1500,1k-5k,core,Public (TWSE:3583); estimated annual revenue >NT$6B (~$200M) on wet processing/cleaning equipment,Leading Taiwanese wet-processing and cleaning equipment maker serving TSMC's supply base; F1-clean,S5a
95,SCREEN Holdings (SCREEN Semiconductor Solutions),screen.co.jp,Japan,Clean / Wet Processing,8000,5k-10k,core,"Public (TSE:7735); group FY2024 revenue >JPY480B (~$3.2B), semiconductor segment the core profit driver",Global #1 wafer-cleaning equipment maker (also coater/developer); no F1 sponsorship despite huge semiconductor-cycle marketing budgets,S5a
96,SEMES Co Ltd,semes.com,South Korea,Clean / Wet Processing,5500,5k-10k,core,Wholly owned Samsung Electronics affiliate; estimated annual revenue >$2B on clean/etch/deposition tools,"Samsung's captive-turned-merchant semiconductor equipment arm (clean, etch, deposition); no F1 sponsorship despite Samsung's own broader marketing scale",S5a
97,SFA Engineering Corp,sfa.co.kr,South Korea,,3500,1k-5k,core,,Korean semiconductor & display automation/material-handling equipment leader; unclaimed F1 category.,S5b
98,"Shenyang Piotech Technology Co., Ltd.",piotech.com.cn,China,,1800,1k-5k,core,,Chinese deposition (PECVD/ALD) equipment maker with growing presence in advanced packaging dielectric deposition; dup-ok; unclaimed F1 category.,S5b
99,Shibaura Mechatronics Corporation,shibaura.co.jp,Japan,,1350,1k-5k,core,,"Dicing, etch and coating equipment maker for semiconductor and FPD fabs; unclaimed F1 category.",S5b
100,Shin-Etsu Chemical,shinetsu.co.jp,Japan,Wafers / Substrates,27000,10k+,core,Public (TSE:4063); FY2024 revenue >JPY2.5T (~$16B); world's #1 silicon wafer and photoresist supplier,Global silicon-wafer/electronic-materials leader with enormous marketing capacity; unsponsored in motorsport,S5a
101,Shinkawa Ltd.,shinkawa.co.jp,Japan,,900,250-1k,core,,Long-established wire-bonding equipment maker directly competing with K&S/ASMPT; unclaimed F1 category.,S5b
102,SiCarrier Technology,sicarrier.com,China,Diversified Process Equipment (state-backed),2000,1k-5k,core,"Privately/state-backed; 2025 revenue (ex-litho) estimated RMB4.5B (~$620M), reportedly targeting RMB65B valuation and IPO by 2027",GROWTH-PROFILE: Shenzhen state-backed rising chip-tool champion securing billion-yuan orders across etch/deposition/litho; unsponsored in F1,S5a
103,Siltronic AG,siltronic.com,Germany,Wafers / Substrates,4100,1k-5k,core,Public (FRA:WAF); FY2024 revenue >EUR1.4B; global top-4 silicon wafer maker,"Included per brief (majors/mid-tier crossover, dup OK); leading European wafer supplier, unsponsored in F1",S5a
104,SK Siltron,sksiltron.com,South Korea,Wafers / Substrates,2100,1k-5k,core,SK Group affiliate; estimated annual revenue >$2B on silicon and SiC wafers,"SK Group's semiconductor-wafer arm (silicon + SiC power wafers), no F1 sponsorship despite SK Group's deep motorsport-adjacent EV/battery push",S5a
105,SK Specialty (fmr. SK Materials),skspecialty.com,South Korea,Specialty Process Gases,1300,1k-5k,core,"SK Group affiliate; estimated annual revenue >$1B on specialty gases (NF3, WF6) for etch/deposition",SK Group's specialty-gas arm supplying critical etch/deposition process gases; F1-clean despite SK Group's broader motorsport-adjacent EV push,S5a
106,SMC Corporation,smcworld.com,Japan,"Subsystems / Components (vacuum, RF, gas/fluid delivery)",20000,10k+,core,Public (TSE:6273); FY2024 revenue >JPY800B (~$5.3B); world's largest pneumatics maker,Pneumatic control components used throughout wafer-fab automation and process tools; no F1 sponsorship despite huge industrial-marketing budget,S5a
107,Soitec SA,soitec.com,France,Wafers / Substrates,2300,1k-5k,core,Public (EPA:SOI); FY2024 revenue >EUR1B; global leader in engineered SOI substrates,"Pure-play SOI wafer innovator for RF/power/photonics chips, unsponsored in F1; French GP home-market tie-in",S5a
108,Soulbrain Co Ltd,soulbrain.co.kr,South Korea,Process Chemicals / Etchants / Precursors,1500,1k-5k,core,Privately held (Hahn & Co/Skylake-backed); estimated annual revenue >$700M on semiconductor etchants and precursor chemicals,"Leading Korean process-chemical (HF etchant, precursor) supplier to Samsung/SK hynix; F1-clean",S5a
109,SPEA SpA,spea.com,Italy,,1008,1k-5k,core,,"Privately-held automatic test equipment maker for ICs, MEMS and modules since 1976; verified size; unclaimed sponsor category with Italian GP tie-in.",S5b
110,SUMCO Corporation,sumco.com,Japan,Wafers / Substrates,7300,5k-10k,core,Public (TSE:3436); FY2024 revenue >JPY400B (~$2.6B); world's #2 silicon wafer maker,"Core silicon-wafer supplier to every major fab; F1-clean, strong Japan/Asia GP relevance",S5a
111,SUSS MicroTec SE,suss.com,Germany,,1100,1k-5k,core,,"Mask aligners, wafer bonders and lithography-adjacent process equipment for advanced packaging and MEMS; unclaimed F1 category.",S5b
112,Taiyo Nippon Sanso (Nippon Sanso Holdings),tn-sanso.co.jp,Japan,Specialty Gases (Subsystems/Materials),21000,10k+,core,Public (TSE:4091); FY2024 revenue >JPY1.1T (~$7.3B); Electronics segment supplies semiconductor specialty gases,Major industrial/specialty gas supplier with dedicated semiconductor electronics segment; unsponsored in F1,S5a
113,TCL Zhonghuan Semiconductor,tzled.com,China,Wafers / Substrates,42000,10k+,core,Public (SZSE:002129); FY2024 revenue >RMB50B (~$7B),World's largest silicon wafer producer by volume (solar + expanding semiconductor-grade); no F1 sponsorship,S5a
114,Technoprobe S.p.A.,technoprobe.com,Italy,,2700,1k-5k,core,,"World's #1 probe-card supplier (Teradyne holds a 10% equity stake); verified revenue/headcount via annual report; unclaimed F1 category, Italian GP home-market fit.",S5b
115,Techwing Inc.,techwing.co.kr,South Korea,,600,250-1k,core,,Semiconductor test handler maker for memory/logic devices; unclaimed F1 category.,S5b
116,TES Co Ltd,tes.co.kr,South Korea,Deposition (CVD/ALD/PVD/Epi),600,250-1k,core,Public (KOSDAQ:095610); estimated annual revenue ~$150-200M on CVD deposition systems,Korean CVD deposition equipment specialist for memory fabs; unsponsored in F1,S5a
117,Test Research Inc. (TRI),testresearch.com,Taiwan,,1200,1k-5k,core,,Automated optical inspection (AOI) and electrical test systems maker for semiconductor/PCB assembly; unclaimed F1 category.,S5b
118,Thermo Fisher Scientific Inc. (Materials & Structural Analysis),thermofisher.com,United States,,100000,10k+,core,,Electron microscopy (SEM/TEM) tools used for semiconductor defect/failure analysis and metrology; massive parent scale; unclaimed F1 category.,S5b
119,Tokyo Electron,tel.com,Japan,Deposition (CVD/ALD/PVD/Epi),15000,10k+,core,Public (TSE:8035); FY2024 revenue >JPY2.3T (~$15B); global top-3 process equipment maker,"Leading coater/developer, etch and deposition supplier; huge Japanese engineering brand with zero F1 presence",S5a
120,Tokyo Ohka Kogyo (TOK),tok.co.jp,Japan,"Process Materials (resist, slurry, targets, chemicals)",3200,1k-5k,core,Public (TSE:4186); FY2024 revenue >JPY180B (~$1.2B),"Leading global photoresist and process-chemical supplier; F1-clean, strong Japanese-GP activation fit",S5a
121,Tokyo Seimitsu (Accretech),accretech.jp,Japan,CMP / Dicing / Grinding / Polish,3000,1k-5k,core,Public (TSE:7729); FY2024 revenue >JPY150B (~$1B),"Wafer dicing, grinding and probing equipment maker (Accretech brand) serving global fabs; F1-clean",S5a
122,Tosoh Corporation,tosoh.com,Japan,Sputtering Targets / Materials,12000,10k+,core,Public (TSE:4042); FY2024 revenue >JPY1.1T (~$7.3B); Electronics segment includes sputtering targets,Leading sputtering-target and high-purity chemical materials maker for semiconductor deposition; no F1 sponsorship,S5a
123,TOWA Corporation,towajapan.co.jp,Japan,,2100,1k-5k,core,,Global leader in resin molding/encapsulation systems for AI/HBM packaging; verified revenue/headcount via web search; unclaimed F1 category.,S5b
124,Trumpf SE,trumpf.com,Germany,"EUV Supply Chain (optics, lasers, pellicles, pods)",18000,10k+,core,Privately held; FY2024 revenue >EUR5.3B; sole supplier of CO2 drive lasers for ASML's EUV light sources,"Critical EUV supply-chain laser maker (via Trumpf/Cymer partnership); F1-clean, deep German precision-engineering identity",S5a
125,Ultra Clean Holdings,uct.com,United States,"Subsystems / Components (vacuum, RF, gas/fluid delivery)",7000,5k-10k,core,Public (NASDAQ:UCTT); FY2024 revenue >$2B,Major subsystem integrator and contract manufacturer for the process-equipment ecosystem; F1-clean,S5a
126,Ulvac Inc,ulvac.co.jp,Japan,Deposition (CVD/ALD/PVD/Epi),5300,5k-10k,core,Public (TSE:6728); FY2024 revenue >JPY220B (~$1.5B),"Leading vacuum/PVD deposition equipment maker across semiconductor, display and solar; F1-clean, strong Japanese-GP tie-in",S5a
127,Umicore,umicore.com,Belgium,Electro-Optic / CMP Slurry Materials,11000,10k+,core,Public (EBR:UMI); FY2024 revenue >EUR3B; Electro-Optic Materials a dedicated semiconductor materials unit,Global materials group with a dedicated semiconductor CMP slurry and electro-optic materials business; F1-clean,S5a
128,VAT Group AG,vatvalve.com,Switzerland,"Subsystems / Components (vacuum, RF, gas/fluid delivery)",3400,1k-5k,core,Public (SIX:VACN); FY2024 revenue >CHF950M; global leader in vacuum valves,Near-monopoly vacuum-valve supplier for every deposition/etch chamber; no F1 sponsorship despite Swiss-precision brand fit,S5a
129,Veeco Instruments,veeco.com,United States,Deposition (CVD/ALD/PVD/Epi),1450,1k-5k,core,Public (NASDAQ:VECO); FY2024 revenue >$650M,"MOCVD, laser annealing and ion beam deposition leader serving compound semi/AI chip packaging; no F1 tie",S5a
130,Wacker Chemie AG,wacker.com,Germany,Hyperpure Polysilicon (Wafer Materials),14700,10k+,core,Public (FRA:WCH); FY2024 revenue >EUR6.6B; Polysilicon segment supplies semiconductor-grade material (incl. majority stake in Siltronic),World-leading hyperpure polysilicon producer feeding the wafer supply chain and majority owner of Siltronic; unsponsored in F1,S5a
131,"WinWay Technology Co., Ltd.",winwayglobal.com,Taiwan,,1000,250-1k,core,,IC test-socket maker riding the AI/HBM test-intensity boom; unclaimed F1 category.,S5b
132,Wonik IPS,wonikips.com,South Korea,Deposition (CVD/ALD/PVD/Epi),1500,1k-5k,core,Public (KOSDAQ:240810); FY2024 revenue ~KRW748B (~$548M),Leading Korean ALD/CVD deposition equipment maker for memory fabs; F1-clean,S5a
133,"Wuhan Jingce Electronic Group Co., Ltd.",jingce.com.cn,China,,4000,1k-5k,core,,Chinese semiconductor & display test/probe-station equipment maker expanding rapidly with domestic fab buildout; unclaimed F1 category.,S5b
134,"Yamaichi Electronics Co., Ltd.",yamaichi.co.jp,Japan,,3000,1k-5k,core,,Precision IC test sockets and high-speed connector maker for semiconductor test; unclaimed F1 category.,S5b
135,Zhejiang Jingsheng Mechanical & Electrical,jsme.com.cn,China,Crystal Growth Furnaces / Wafer Equipment,5000,1k-5k,core,Public (SZSE:300316); FY2024 revenue >RMB18B (~$2.5B),Major monocrystalline-silicon crystal-growth equipment maker expanding from solar into semiconductor-grade wafer tools; F1-clean,S5a
136,ASML Holding,asml.com,Netherlands,"Lithography-Adjacent (steppers, track, bonding, imprint)",44000,10k+,adjacent,Public (AMS:ASML); FY2024 revenue >EUR28B; world's only EUV lithography supplier,Global monopoly on EUV lithography systems; not an F1 sponsor; deep engineering-brand overlap with F1's technology narrative,S5a
137,Jenoptik AG,jenoptik.com,Germany,Optics / Photonics (Litho-Adjacent),4700,1k-5k,adjacent,Public (FRA:JEN); FY2024 revenue >EUR1B,Precision optics and photonics systems supplier into semiconductor lithography and metrology chains; unsponsored in F1,S5a
138,Shanghai Micro Electronics Equipment (SMEE),smee.com.cn,China,"Lithography-Adjacent (steppers, track, bonding, imprint)",2500,1k-5k,adjacent,State-backed/privately held; revenue undisclosed but backed by large national IC-fund investment as China's flagship domestic lithography equipment maker,"China's only domestic stepper/scanner maker, central to national chip self-sufficiency push; unsponsored in F1",S5a
